Plates,Number,Code,Price
"274 I 215,000AED",274,I,"215,000AED"
"78888 H 72,000AED",78888,H,"72,000AED"
"6777 K 72,000AED",6777,K,"72,000AED"
"3334 R 72,000AED",3334,R,"72,000AED"
"22232 N 41,000AED",22232,N,"41,000AED"
"80088 L 25,000AED",80088,L,"25,000AED"
"20220 K 24,000AED",20220,K,"24,000AED"
"22002 K 24,000AED",22002,K,"24,000AED"
"30033 P 24,000AED",30033,P,"24,000AED"
"1160 U 21,000AED",1160,U,"21,000AED"
"2759 A 19,900AED",2759,A,"19,900AED"
"7765 L 17,500AED",7765,L,"17,500AED"
"8876 U 17,500AED",8876,U,"17,500AED"
"1187 Q 16,900AED",1187,Q,"16,900AED"
"5066 L 16,500AED",5066,L,"16,500AED"
"9891 M 16,500AED",9891,M,"16,500AED"
"1146 O 16,500AED",1146,O,"16,500AED"
"7699 E 13,900AED",7699,E,"13,900AED"
"9069 Q 13,900AED",9069,Q,"13,900AED"
"24244 O 13,500AED",24244,O,"13,500AED"
"6619 P 13,500AED",6619,P,"13,500AED"
"7761 R 13,500AED",7761,R,"13,500AED"
"22424 L 12,900AED",22424,L,"12,900AED"
"22828 L 12,900AED",22828,L,"12,900AED"
"6762 N 12,900AED",6762,N,"12,900AED"
"6933 O 12,900AED",6933,O,"12,900AED"
"5546 R 12,900AED",5546,R,"12,900AED"
"5564 R 12,900AED",5564,R,"12,900AED"
"5576 R 12,900AED",5576,R,"12,900AED"
"5622 K 12,500AED",5622,K,"12,500AED"
"6232 K 12,500AED",6232,K,"12,500AED"
"2633 Q 12,500AED",2633,Q,"12,500AED"
"7858 U 12,500AED",7858,U,"12,500AED"
"5564 L 11,900AED",5564,L,"11,900AED"
"99918 M 11,900AED",99918,M,"11,900AED"
"9691 Q 11,900AED",9691,Q,"11,900AED"
"9691 T 11,900AED",9691,T,"11,900AED"
"6376 J 10,900AED",6376,J,"10,900AED"
"33342 I 9,500AED",33342,I,"9,500AED"
"66640 J 9,500AED",66640,J,"9,500AED"
"67555 K 9,500AED",67555,K,"9,500AED"
"34441 L 9,500AED",34441,L,"9,500AED"
"91122 S 8,500AED",91122,S,"8,500AED"
"63030 J 7,900AED",63030,J,"7,900AED"
"76060 K 7,900AED",76060,K,"7,900AED"
"33367 O 7,900AED",33367,O,"7,900AED"
"20208 R 7,900AED",20208,R,"7,900AED"
"99022 S 7,900AED",99022,S,"7,900AED"
"23200 T 7,900AED",23200,T,"7,900AED"
"67070 U 7,900AED",67070,U,"7,900AED"
"7932 S 6,900AED",7932,S,"6,900AED"
"9476 S 6,900AED",9476,S,"6,900AED"
"16700 M 6,500AED",16700,M,"6,500AED"
"14341 P 6,500AED",14341,P,"6,500AED"
"14341 T 6,500AED",14341,T,"6,500AED"
"14541 T 6,500AED",14541,T,"6,500AED"
"14341 U 6,500AED",14341,U,"6,500AED"
"14541 U 6,500AED",14541,U,"6,500AED"
"18481 O 5,900AED",18481,O,"5,900AED"
"12621 Q 5,900AED",12621,Q,"5,900AED"
"13531 Q 5,900AED",13531,Q,"5,900AED"
"18481 Q 5,900AED",18481,Q,"5,900AED"
"13223 S 5,900AED",13223,S,"5,900AED"
"15533 S 5,900AED",15533,S,"5,900AED"
"21331 S 5,900AED",21331,S,"5,900AED"
"33114 S 5,900AED",33114,S,"5,900AED"
"33911 S 5,900AED",33911,S,"5,900AED"
"34411 S 5,900AED",34411,S,"5,900AED"
"43311 S 5,900AED",43311,S,"5,900AED"
"44113 S 5,900AED",44113,S,"5,900AED"
"51133 S 5,900AED",51133,S,"5,900AED"
"54411 S 5,900AED",54411,S,"5,900AED"
"55114 S 5,900AED",55114,S,"5,900AED"
"55411 S 5,900AED",55411,S,"5,900AED"
"66112 S 5,900AED",66112,S,"5,900AED"
"66113 S 5,900AED",66113,S,"5,900AED"
"66115 S 5,900AED",66115,S,"5,900AED"
"66445 S 5,900AED",66445,S,"5,900AED"
"71155 S 5,900AED",71155,S,"5,900AED"
"71166 S 5,900AED",71166,S,"5,900AED"
"76611 S 5,900AED",76611,S,"5,900AED"
"12621 U 5,900AED",12621,U,"5,900AED"
"55626 B 5,500AED",55626,B,"5,500AED"
"33226 S 5,500AED",33226,S,"5,500AED"
"33229 S 5,500AED",33229,S,"5,500AED"
"44336 S 5,500AED",44336,S,"5,500AED"
"44338 S 5,500AED",44338,S,"5,500AED"
"51221 S 5,500AED",51221,S,"5,500AED"
"54354 S 5,500AED",54354,S,"5,500AED"
"66772 S 5,500AED",66772,S,"5,500AED"
"66773 S 5,500AED",66773,S,"5,500AED"
"66774 S 5,500AED",66774,S,"5,500AED"
"60990 U 5,500AED",60990,U,"5,500AED"
"12232 T 5,000AED",12232,T,"5,000AED"
"88280 M 4,900AED",88280,M,"4,900AED"
"14911 S 4,900AED",14911,S,"4,900AED"
"24114 S 4,900AED",24114,S,"4,900AED"
"51154 S 4,900AED",51154,S,"4,900AED"
"80488 S 4,900AED",80488,S,"4,900AED"
"31815 A 4,500AED",31815,A,"4,500AED"
"90102 D 4,500AED",90102,D,"4,500AED"
"13221 J 4,500AED",13221,J,"4,500AED"
"65757 J 4,500AED",65757,J,"4,500AED"
"11448 P 4,500AED",11448,P,"4,500AED"
"55118 P 4,500AED",55118,P,"4,500AED"
"35151 Q 4,500AED",35151,Q,"4,500AED"
"14418 S 4,500AED",14418,S,"4,500AED"
"31531 S 4,500AED",31531,S,"4,500AED"
"36116 S 4,500AED",36116,S,"4,500AED"
"38118 S 4,500AED",38118,S,"4,500AED"
"39119 S 4,500AED",39119,S,"4,500AED"
"41661 S 4,500AED",41661,S,"4,500AED"
"70102 S 4,500AED",70102,S,"4,500AED"
"71471 S 4,500AED",71471,S,"4,500AED"
"83113 S 4,500AED",83113,S,"4,500AED"
"51150 U 4,500AED",51150,U,"4,500AED"
"90069 U 4,500AED",90069,U,"4,500AED"
"39931 S 4,000AED",39931,S,"4,000AED"
"49941 S 4,000AED",49941,S,"4,000AED"
"65562 S 4,000AED",65562,S,"4,000AED"
"65563 S 4,000AED",65563,S,"4,000AED"
"22131 U 4,000AED",22131,U,"4,000AED"
"31322 U 4,000AED",31322,U,"4,000AED"
"40054 U 4,000AED",40054,U,"4,000AED"
"71161 U 4,000AED",71161,U,"4,000AED"
"46262 J 3,900AED",46262,J,"3,900AED"
"85580 P 3,900AED",85580,P,"3,900AED"
"31731 Q 3,900AED",31731,Q,"3,900AED"
"47676 I 3,500AED",47676,I,"3,500AED"
"66040 J 3,500AED",66040,J,"3,500AED"
"77909 L 3,500AED",77909,L,"3,500AED"
"99040 L 3,500AED",99040,L,"3,500AED"
"60105 P 3,500AED",60105,P,"3,500AED"
"29592 Q 3,500AED",29592,Q,"3,500AED"
"39593 Q 3,500AED",39593,Q,"3,500AED"
"68486 Q 3,500AED",68486,Q,"3,500AED"
"82728 Q 3,500AED",82728,Q,"3,500AED"
"66757 R 3,500AED",66757,R,"3,500AED"
"40074 T 3,500AED",40074,T,"3,500AED"
"19979 U 3,500AED",19979,U,"3,500AED"
"30093 U 3,500AED",30093,U,"3,500AED"
"37003 U 3,500AED",37003,U,"3,500AED"
"40064 U 3,500AED",40064,U,"3,500AED"
"40074 U 3,500AED",40074,U,"3,500AED"
"40433 U 3,500AED",40433,U,"3,500AED"
"44043 U 3,500AED",44043,U,"3,500AED"
"44303 U 3,500AED",44303,U,"3,500AED"
"44505 U 3,500AED",44505,U,"3,500AED"
"45044 U 3,500AED",45044,U,"3,500AED"
"46004 U 3,500AED",46004,U,"3,500AED"
"54055 U 3,500AED",54055,U,"3,500AED"
"55404 U 3,500AED",55404,U,"3,500AED"
"55606 U 3,500AED",55606,U,"3,500AED"
"60046 U 3,500AED",60046,U,"3,500AED"
"66303 U 3,500AED",66303,U,"3,500AED"
"66505 U 3,500AED",66505,U,"3,500AED"
"70766 U 3,500AED",70766,U,"3,500AED"
"77606 U 3,500AED",77606,U,"3,500AED"
"99690 U 3,500AED",99690,U,"3,500AED"
"32030 W 3,500AED",32030,W,"3,500AED"
"44525 H 3,000AED",44525,H,"3,000AED"
"64655 I 3,000AED",64655,I,"3,000AED"
"10804 K 3,000AED",10804,K,"3,000AED"
"10904 K 3,000AED",10904,K,"3,000AED"
"30107 K 3,000AED",30107,K,"3,000AED"
"50107 K 3,000AED",50107,K,"3,000AED"
"50109 K 3,000AED",50109,K,"3,000AED"
"90401 K 3,000AED",90401,K,"3,000AED"
"55141 O 3,000AED",55141,O,"3,000AED"
"24233 P 3,000AED",24233,P,"3,000AED"
"28211 P 3,000AED",28211,P,"3,000AED"
"34322 P 3,000AED",34322,P,"3,000AED"
"34355 P 3,000AED",34355,P,"3,000AED"
"35311 P 3,000AED",35311,P,"3,000AED"
"35344 P 3,000AED",35344,P,"3,000AED"
"36311 P 3,000AED",36311,P,"3,000AED"
"37311 P 3,000AED",37311,P,"3,000AED"
"38311 P 3,000AED",38311,P,"3,000AED"
"43422 P 3,000AED",43422,P,"3,000AED"
"43455 P 3,000AED",43455,P,"3,000AED"
"45433 P 3,000AED",45433,P,"3,000AED"
"45466 P 3,000AED",45466,P,"3,000AED"
"46455 P 3,000AED",46455,P,"3,000AED"
"47411 P 3,000AED",47411,P,"3,000AED"
"48411 P 3,000AED",48411,P,"3,000AED"
"54533 P 3,000AED",54533,P,"3,000AED"
"54566 P 3,000AED",54566,P,"3,000AED"
"55141 P 3,000AED",55141,P,"3,000AED"
"55414 P 3,000AED",55414,P,"3,000AED"
"56544 P 3,000AED",56544,P,"3,000AED"
"57566 P 3,000AED",57566,P,"3,000AED"
"61677 P 3,000AED",61677,P,"3,000AED"
"65644 P 3,000AED",65644,P,"3,000AED"
"65677 P 3,000AED",65677,P,"3,000AED"
"67611 P 3,000AED",67611,P,"3,000AED"
"67655 P 3,000AED",67655,P,"3,000AED"
"71766 P 3,000AED",71766,P,"3,000AED"
"71788 P 3,000AED",71788,P,"3,000AED"
"75766 P 3,000AED",75766,P,"3,000AED"
"76755 P 3,000AED",76755,P,"3,000AED"
"81899 P 3,000AED",81899,P,"3,000AED"
"84811 P 3,000AED",84811,P,"3,000AED"
"85811 P 3,000AED",85811,P,"3,000AED"
"46656 Q 3,000AED",46656,Q,"3,000AED"
"20322 T 3,000AED",20322,T,"3,000AED"
"30343 T 3,000AED",30343,T,"3,000AED"
"33043 T 3,000AED",33043,T,"3,000AED"
"40454 T 3,000AED",40454,T,"3,000AED"
"43404 T 3,000AED",43404,T,"3,000AED"
"44131 T 3,000AED",44131,T,"3,000AED"
"44515 T 3,000AED",44515,T,"3,000AED"
"55141 T 3,000AED",55141,T,"3,000AED"
"60676 T 3,000AED",60676,T,"3,000AED"
"66151 T 3,000AED",66151,T,"3,000AED"
"67066 T 3,000AED",67066,T,"3,000AED"
"11353 U 3,000AED",11353,U,"3,000AED"
"11363 U 3,000AED",11363,U,"3,000AED"
"11373 U 3,000AED",11373,U,"3,000AED"
"11383 U 3,000AED",11383,U,"3,000AED"
"11393 U 3,000AED",11393,U,"3,000AED"
"11424 U 3,000AED",11424,U,"3,000AED"
"11454 U 3,000AED",11454,U,"3,000AED"
"11464 U 3,000AED",11464,U,"3,000AED"
"11474 U 3,000AED",11474,U,"3,000AED"
"11484 U 3,000AED",11484,U,"3,000AED"
"11535 U 3,000AED",11535,U,"3,000AED"
"11545 U 3,000AED",11545,U,"3,000AED"
"11565 U 3,000AED",11565,U,"3,000AED"
"11575 U 3,000AED",11575,U,"3,000AED"
"11595 U 3,000AED",11595,U,"3,000AED"
"11626 U 3,000AED",11626,U,"3,000AED"
"11646 U 3,000AED",11646,U,"3,000AED"
"11656 U 3,000AED",11656,U,"3,000AED"
"11676 U 3,000AED",11676,U,"3,000AED"
"11737 U 3,000AED",11737,U,"3,000AED"
"11747 U 3,000AED",11747,U,"3,000AED"
"11767 U 3,000AED",11767,U,"3,000AED"
"11828 U 3,000AED",11828,U,"3,000AED"
"11838 U 3,000AED",11838,U,"3,000AED"
"11848 U 3,000AED",11848,U,"3,000AED"
"11858 U 3,000AED",11858,U,"3,000AED"
"11868 U 3,000AED",11868,U,"3,000AED"
"11878 U 3,000AED",11878,U,"3,000AED"
"11929 U 3,000AED",11929,U,"3,000AED"
"11939 U 3,000AED",11939,U,"3,000AED"
"11949 U 3,000AED",11949,U,"3,000AED"
"11959 U 3,000AED",11959,U,"3,000AED"
"13144 U 3,000AED",13144,U,"3,000AED"
"14133 U 3,000AED",14133,U,"3,000AED"
"14155 U 3,000AED",14155,U,"3,000AED"
"15144 U 3,000AED",15144,U,"3,000AED"
"15545 U 3,000AED",15545,U,"3,000AED"
"16155 U 3,000AED",16155,U,"3,000AED"
"16177 U 3,000AED",16177,U,"3,000AED"
"16199 U 3,000AED",16199,U,"3,000AED"
"16636 U 3,000AED",16636,U,"3,000AED"
"16656 U 3,000AED",16656,U,"3,000AED"
"16696 U 3,000AED",16696,U,"3,000AED"
"17166 U 3,000AED",17166,U,"3,000AED"
"17767 U 3,000AED",17767,U,"3,000AED"
"18177 U 3,000AED",18177,U,"3,000AED"
"19188 U 3,000AED",19188,U,"3,000AED"
"22404 U 3,000AED",22404,U,"3,000AED"
"22505 U 3,000AED",22505,U,"3,000AED"
"22606 U 3,000AED",22606,U,"3,000AED"
"22707 U 3,000AED",22707,U,"3,000AED"
"22808 U 3,000AED",22808,U,"3,000AED"
"22909 U 3,000AED",22909,U,"3,000AED"
"23244 U 3,000AED",23244,U,"3,000AED"
"24233 U 3,000AED",24233,U,"3,000AED"
"24434 U 3,000AED",24434,U,"3,000AED"
"25211 U 3,000AED",25211,U,"3,000AED"
"26211 U 3,000AED",26211,U,"3,000AED"
"28211 U 3,000AED",28211,U,"3,000AED"
"30366 U 3,000AED",30366,U,"3,000AED"
"31344 U 3,000AED",31344,U,"3,000AED"
"32242 U 3,000AED",32242,U,"3,000AED"
"32344 U 3,000AED",32344,U,"3,000AED"
"33141 U 3,000AED",33141,U,"3,000AED"
"33505 U 3,000AED",33505,U,"3,000AED"
"33606 U 3,000AED",33606,U,"3,000AED"
"33707 U 3,000AED",33707,U,"3,000AED"
"33808 U 3,000AED",33808,U,"3,000AED"
"33909 U 3,000AED",33909,U,"3,000AED"
"34322 U 3,000AED",34322,U,"3,000AED"
"34355 U 3,000AED",34355,U,"3,000AED"
"34414 U 3,000AED",34414,U,"3,000AED"
"34424 U 3,000AED",34424,U,"3,000AED"
"34454 U 3,000AED",34454,U,"3,000AED"
"35311 U 3,000AED",35311,U,"3,000AED"
"35344 U 3,000AED",35344,U,"3,000AED"
"36311 U 3,000AED",36311,U,"3,000AED"
"37311 U 3,000AED",37311,U,"3,000AED"
"38311 U 3,000AED",38311,U,"3,000AED"
"39311 U 3,000AED",39311,U,"3,000AED"
"40466 U 3,000AED",40466,U,"3,000AED"
"40477 U 3,000AED",40477,U,"3,000AED"
"40488 U 3,000AED",40488,U,"3,000AED"
"41433 U 3,000AED",41433,U,"3,000AED"
"41455 U 3,000AED",41455,U,"3,000AED"
"42433 U 3,000AED",42433,U,"3,000AED"
"43353 U 3,000AED",43353,U,"3,000AED"
"43422 U 3,000AED",43422,U,"3,000AED"
"43455 U 3,000AED",43455,U,"3,000AED"
"44047 U 3,000AED",44047,U,"3,000AED"
"44048 U 3,000AED",44048,U,"3,000AED"
"44049 U 3,000AED",44049,U,"3,000AED"
"44131 U 3,000AED",44131,U,"3,000AED"
"44151 U 3,000AED",44151,U,"3,000AED"
"44202 U 3,000AED",44202,U,"3,000AED"
"44313 U 3,000AED",44313,U,"3,000AED"
"44340 U 3,000AED",44340,U,"3,000AED"
"44515 U 3,000AED",44515,U,"3,000AED"
"44535 U 3,000AED",44535,U,"3,000AED"
"44540 U 3,000AED",44540,U,"3,000AED"
"44565 U 3,000AED",44565,U,"3,000AED"
"44606 U 3,000AED",44606,U,"3,000AED"
"44656 U 3,000AED",44656,U,"3,000AED"
"44707 U 3,000AED",44707,U,"3,000AED"
"44808 U 3,000AED",44808,U,"3,000AED"
"44909 U 3,000AED",44909,U,"3,000AED"
"45433 U 3,000AED",45433,U,"3,000AED"
"45466 U 3,000AED",45466,U,"3,000AED"
"45515 U 3,000AED",45515,U,"3,000AED"
"45535 U 3,000AED",45535,U,"3,000AED"
"45565 U 3,000AED",45565,U,"3,000AED"
"46411 U 3,000AED",46411,U,"3,000AED"
"46455 U 3,000AED",46455,U,"3,000AED"
"46656 U 3,000AED",46656,U,"3,000AED"
"47411 U 3,000AED",47411,U,"3,000AED"
"48411 U 3,000AED",48411,U,"3,000AED"
"49411 U 3,000AED",49411,U,"3,000AED"
"51121 U 3,000AED",51121,U,"3,000AED"
"51544 U 3,000AED",51544,U,"3,000AED"
"53343 U 3,000AED",53343,U,"3,000AED"
"53544 U 3,000AED",53544,U,"3,000AED"
"54414 U 3,000AED",54414,U,"3,000AED"
"54434 U 3,000AED",54434,U,"3,000AED"
"54464 U 3,000AED",54464,U,"3,000AED"
"54511 U 3,000AED",54511,U,"3,000AED"
"54533 U 3,000AED",54533,U,"3,000AED"
"55057 U 3,000AED",55057,U,"3,000AED"
"55058 U 3,000AED",55058,U,"3,000AED"
"55141 U 3,000AED",55141,U,"3,000AED"
"55161 U 3,000AED",55161,U,"3,000AED"
"55171 U 3,000AED",55171,U,"3,000AED"
"55202 U 3,000AED",55202,U,"3,000AED"
"55303 U 3,000AED",55303,U,"3,000AED"
"55343 U 3,000AED",55343,U,"3,000AED"
"55414 U 3,000AED",55414,U,"3,000AED"
"55616 U 3,000AED",55616,U,"3,000AED"
"55707 U 3,000AED",55707,U,"3,000AED"
"55767 U 3,000AED",55767,U,"3,000AED"
"55808 U 3,000AED",55808,U,"3,000AED"
"55909 U 3,000AED",55909,U,"3,000AED"
"56544 U 3,000AED",56544,U,"3,000AED"
"56646 U 3,000AED",56646,U,"3,000AED"
"57511 U 3,000AED",57511,U,"3,000AED"
"57566 U 3,000AED",57566,U,"3,000AED"
"58511 U 3,000AED",58511,U,"3,000AED"
"59511 U 3,000AED",59511,U,"3,000AED"
"60622 U 3,000AED",60622,U,"3,000AED"
"60644 U 3,000AED",60644,U,"3,000AED"
"61655 U 3,000AED",61655,U,"3,000AED"
"62066 U 3,000AED",62066,U,"3,000AED"
"64066 U 3,000AED",64066,U,"3,000AED"
"64454 U 3,000AED",64454,U,"3,000AED"
"64655 U 3,000AED",64655,U,"3,000AED"
"65515 U 3,000AED",65515,U,"3,000AED"
"65545 U 3,000AED",65545,U,"3,000AED"
"65575 U 3,000AED",65575,U,"3,000AED"
"65611 U 3,000AED",65611,U,"3,000AED"
"65644 U 3,000AED",65644,U,"3,000AED"
"65677 U 3,000AED",65677,U,"3,000AED"
"66062 U 3,000AED",66062,U,"3,000AED"
"66064 U 3,000AED",66064,U,"3,000AED"
"66202 U 3,000AED",66202,U,"3,000AED"
"66404 U 3,000AED",66404,U,"3,000AED"
"66515 U 3,000AED",66515,U,"3,000AED"
"66575 U 3,000AED",66575,U,"3,000AED"
"66717 U 3,000AED",66717,U,"3,000AED"
"66757 U 3,000AED",66757,U,"3,000AED"
"67655 U 3,000AED",67655,U,"3,000AED"
"67717 U 3,000AED",67717,U,"3,000AED"
"67757 U 3,000AED",67757,U,"3,000AED"
"68677 U 3,000AED",68677,U,"3,000AED"
"68878 U 3,000AED",68878,U,"3,000AED"
"69919 U 3,000AED",69919,U,"3,000AED"
"72711 U 3,000AED",72711,U,"3,000AED"
"73077 U 3,000AED",73077,U,"3,000AED"
"74711 U 3,000AED",74711,U,"3,000AED"
"75077 U 3,000AED",75077,U,"3,000AED"
"75565 U 3,000AED",75565,U,"3,000AED"
"75711 U 3,000AED",75711,U,"3,000AED"
"75766 U 3,000AED",75766,U,"3,000AED"
"76616 U 3,000AED",76616,U,"3,000AED"
"76755 U 3,000AED",76755,U,"3,000AED"
"77073 U 3,000AED",77073,U,"3,000AED"
"77079 U 3,000AED",77079,U,"3,000AED"
"77181 U 3,000AED",77181,U,"3,000AED"
"77202 U 3,000AED",77202,U,"3,000AED"
"77303 U 3,000AED",77303,U,"3,000AED"
"77404 U 3,000AED",77404,U,"3,000AED"
"78799 U 3,000AED",78799,U,"3,000AED"
"78818 U 3,000AED",78818,U,"3,000AED"
"78868 U 3,000AED",78868,U,"3,000AED"
"79077 U 3,000AED",79077,U,"3,000AED"
"79788 U 3,000AED",79788,U,"3,000AED"
"79989 U 3,000AED",79989,U,"3,000AED"
"80822 U 3,000AED",80822,U,"3,000AED"
"82811 U 3,000AED",82811,U,"3,000AED"
"83811 U 3,000AED",83811,U,"3,000AED"
"84811 U 3,000AED",84811,U,"3,000AED"
"85088 U 3,000AED",85088,U,"3,000AED"
"85811 U 3,000AED",85811,U,"3,000AED"
"86811 U 3,000AED",86811,U,"3,000AED"
"86877 U 3,000AED",86877,U,"3,000AED"
"87767 U 3,000AED",87767,U,"3,000AED"
"87797 U 3,000AED",87797,U,"3,000AED"
"87811 U 3,000AED",87811,U,"3,000AED"
"87899 U 3,000AED",87899,U,"3,000AED"
"88083 U 3,000AED",88083,U,"3,000AED"
"88191 U 3,000AED",88191,U,"3,000AED"
"88202 U 3,000AED",88202,U,"3,000AED"
"88303 U 3,000AED",88303,U,"3,000AED"
"88505 U 3,000AED",88505,U,"3,000AED"
"88717 U 3,000AED",88717,U,"3,000AED"
"88780 U 3,000AED",88780,U,"3,000AED"
"88919 U 3,000AED",88919,U,"3,000AED"
"97099 U 3,000AED",97099,U,"3,000AED"
"97911 U 3,000AED",97911,U,"3,000AED"
"97988 U 3,000AED",97988,U,"3,000AED"
"98878 U 3,000AED",98878,U,"3,000AED"
"98977 U 3,000AED",98977,U,"3,000AED"
"99094 U 3,000AED",99094,U,"3,000AED"
"99202 U 3,000AED",99202,U,"3,000AED"
"99303 U 3,000AED",99303,U,"3,000AED"
"99404 U 3,000AED",99404,U,"3,000AED"
"99505 U 3,000AED",99505,U,"3,000AED"
"99707 U 3,000AED",99707,U,"3,000AED"
"34303 V 3,000AED",34303,V,"3,000AED"
"44054 V 3,000AED",44054,V,"3,000AED"
"33203 W 3,000AED",33203,W,"3,000AED"
"40445 W 3,000AED",40445,W,"3,000AED"
"44054 W 3,000AED",44054,W,"3,000AED"
"44504 W 3,000AED",44504,W,"3,000AED"
"45404 W 3,000AED",45404,W,"3,000AED"
"54044 W 3,000AED",54044,W,"3,000AED"
"54404 W 3,000AED",54404,W,"3,000AED"
"54505 W 3,000AED",54505,W,"3,000AED"
"55405 W 3,000AED",55405,W,"3,000AED"
"56505 W 3,000AED",56505,W,"3,000AED"
"66056 W 3,000AED",66056,W,"3,000AED"
"66506 W 3,000AED",66506,W,"3,000AED"
"67606 W 3,000AED",67606,W,"3,000AED"
"80703 K 2,600AED",80703,K,"2,600AED"
"80704 K 2,600AED",80704,K,"2,600AED"
"49942 N 2,600AED",49942,N,"2,600AED"
"22616 O 2,600AED",22616,O,"2,600AED"
"44535 O 2,600AED",44535,O,"2,600AED"
"44616 O 2,600AED",44616,O,"2,600AED"
"44656 O 2,600AED",44656,O,"2,600AED"
"55171 O 2,600AED",55171,O,"2,600AED"
"66414 O 2,600AED",66414,O,"2,600AED"
"88151 O 2,600AED",88151,O,"2,600AED"
"88212 O 2,600AED",88212,O,"2,600AED"
"12144 P 2,600AED",12144,P,"2,600AED"
"13177 P 2,600AED",13177,P,"2,600AED"
"13188 P 2,600AED",13188,P,"2,600AED"
"13199 P 2,600AED",13199,P,"2,600AED"
"14166 P 2,600AED",14166,P,"2,600AED"
"14177 P 2,600AED",14177,P,"2,600AED"
"14188 P 2,600AED",14188,P,"2,600AED"
"14199 P 2,600AED",14199,P,"2,600AED"
"15122 P 2,600AED",15122,P,"2,600AED"
"15133 P 2,600AED",15133,P,"2,600AED"
"15177 P 2,600AED",15177,P,"2,600AED"
"16122 P 2,600AED",16122,P,"2,600AED"
"16133 P 2,600AED",16133,P,"2,600AED"
"16144 P 2,600AED",16144,P,"2,600AED"
"17133 P 2,600AED",17133,P,"2,600AED"
"17144 P 2,600AED",17144,P,"2,600AED"
"17199 P 2,600AED",17199,P,"2,600AED"
"18122 P 2,600AED",18122,P,"2,600AED"
"18133 P 2,600AED",18133,P,"2,600AED"
"18144 P 2,600AED",18144,P,"2,600AED"
"18155 P 2,600AED",18155,P,"2,600AED"
"18166 P 2,600AED",18166,P,"2,600AED"
"19122 P 2,600AED",19122,P,"2,600AED"
"19144 P 2,600AED",19144,P,"2,600AED"
"19155 P 2,600AED",19155,P,"2,600AED"
"21244 P 2,600AED",21244,P,"2,600AED"
"21255 P 2,600AED",21255,P,"2,600AED"
"21266 P 2,600AED",21266,P,"2,600AED"
"21277 P 2,600AED",21277,P,"2,600AED"
"21288 P 2,600AED",21288,P,"2,600AED"
"22720 P 2,600AED",22720,P,"2,600AED"
"31355 P 2,600AED",31355,P,"2,600AED"
"31366 P 2,600AED",31366,P,"2,600AED"
"31377 P 2,600AED",31377,P,"2,600AED"
"31388 P 2,600AED",31388,P,"2,600AED"
"31399 P 2,600AED",31399,P,"2,600AED"
"41422 P 2,600AED",41422,P,"2,600AED"
"41466 P 2,600AED",41466,P,"2,600AED"
"41477 P 2,600AED",41477,P,"2,600AED"
"41488 P 2,600AED",41488,P,"2,600AED"
"41499 P 2,600AED",41499,P,"2,600AED"
"44616 P 2,600AED",44616,P,"2,600AED"
"44740 P 2,600AED",44740,P,"2,600AED"
"44818 P 2,600AED",44818,P,"2,600AED"
"51522 P 2,600AED",51522,P,"2,600AED"
"51577 P 2,600AED",51577,P,"2,600AED"
"51599 P 2,600AED",51599,P,"2,600AED"
"55767 P 2,600AED",55767,P,"2,600AED"
"61622 P 2,600AED",61622,P,"2,600AED"
"61644 P 2,600AED",61644,P,"2,600AED"
"66260 P 2,600AED",66260,P,"2,600AED"
"66414 P 2,600AED",66414,P,"2,600AED"
"66757 P 2,600AED",66757,P,"2,600AED"
"71722 P 2,600AED",71722,P,"2,600AED"
"71733 P 2,600AED",71733,P,"2,600AED"
"71744 P 2,600AED",71744,P,"2,600AED"
"71799 P 2,600AED",71799,P,"2,600AED"
"77414 P 2,600AED",77414,P,"2,600AED"
"81822 P 2,600AED",81822,P,"2,600AED"
"81833 P 2,600AED",81833,P,"2,600AED"
"81844 P 2,600AED",81844,P,"2,600AED"
"81855 P 2,600AED",81855,P,"2,600AED"
"81866 P 2,600AED",81866,P,"2,600AED"
"91922 P 2,600AED",91922,P,"2,600AED"
"91933 P 2,600AED",91933,P,"2,600AED"
"99515 P 2,600AED",99515,P,"2,600AED"
"22717 Q 2,600AED",22717,Q,"2,600AED"
"22720 Q 2,600AED",22720,Q,"2,600AED"
"40424 Q 2,600AED",40424,Q,"2,600AED"
"40464 Q 2,600AED",40464,Q,"2,600AED"
"44121 Q 2,600AED",44121,Q,"2,600AED"
"44161 Q 2,600AED",44161,Q,"2,600AED"
"44535 Q 2,600AED",44535,Q,"2,600AED"
"44656 Q 2,600AED",44656,Q,"2,600AED"
"44717 Q 2,600AED",44717,Q,"2,600AED"
"44740 Q 2,600AED",44740,Q,"2,600AED"
"44818 Q 2,600AED",44818,Q,"2,600AED"
"44940 Q 2,600AED",44940,Q,"2,600AED"
"46044 Q 2,600AED",46044,Q,"2,600AED"
"55464 Q 2,600AED",55464,Q,"2,600AED"
"66260 Q 2,600AED",66260,Q,"2,600AED"
"66313 Q 2,600AED",66313,Q,"2,600AED"
"66414 Q 2,600AED",66414,Q,"2,600AED"
"66454 Q 2,600AED",66454,Q,"2,600AED"
"77131 Q 2,600AED",77131,Q,"2,600AED"
"77141 Q 2,600AED",77141,Q,"2,600AED"
"77313 Q 2,600AED",77313,Q,"2,600AED"
"88212 Q 2,600AED",88212,Q,"2,600AED"
"33979 R 2,600AED",33979,R,"2,600AED"
"55484 R 2,600AED",55484,R,"2,600AED"
"55929 R 2,600AED",55929,R,"2,600AED"
"55939 R 2,600AED",55939,R,"2,600AED"
"22181 T 2,600AED",22181,T,"2,600AED"
"22620 T 2,600AED",22620,T,"2,600AED"
"33063 T 2,600AED",33063,T,"2,600AED"
"33161 T 2,600AED",33161,T,"2,600AED"
"44161 T 2,600AED",44161,T,"2,600AED"
"44535 T 2,600AED",44535,T,"2,600AED"
"44616 T 2,600AED",44616,T,"2,600AED"
"44656 T 2,600AED",44656,T,"2,600AED"
"44717 T 2,600AED",44717,T,"2,600AED"
"55171 T 2,600AED",55171,T,"2,600AED"
"55191 T 2,600AED",55191,T,"2,600AED"
"55464 T 2,600AED",55464,T,"2,600AED"
"59055 T 2,600AED",59055,T,"2,600AED"
"66141 T 2,600AED",66141,T,"2,600AED"
"66212 T 2,600AED",66212,T,"2,600AED"
"66414 T 2,600AED",66414,T,"2,600AED"
"66454 T 2,600AED",66454,T,"2,600AED"
"77414 T 2,600AED",77414,T,"2,600AED"
"99515 T 2,600AED",99515,T,"2,600AED"
"12242 U 2,600AED",12242,U,"2,600AED"
"12262 U 2,600AED",12262,U,"2,600AED"
"12272 U 2,600AED",12272,U,"2,600AED"
"12282 U 2,600AED",12282,U,"2,600AED"
"12292 U 2,600AED",12292,U,"2,600AED"
"13155 U 2,600AED",13155,U,"2,600AED"
"13166 U 2,600AED",13166,U,"2,600AED"
"13177 U 2,600AED",13177,U,"2,600AED"
"13353 U 2,600AED",13353,U,"2,600AED"
"13363 U 2,600AED",13363,U,"2,600AED"
"13373 U 2,600AED",13373,U,"2,600AED"
"13383 U 2,600AED",13383,U,"2,600AED"
"13393 U 2,600AED",13393,U,"2,600AED"
"14166 U 2,600AED",14166,U,"2,600AED"
"14474 U 2,600AED",14474,U,"2,600AED"
"14484 U 2,600AED",14484,U,"2,600AED"
"14494 U 2,600AED",14494,U,"2,600AED"
"15122 U 2,600AED",15122,U,"2,600AED"
"15133 U 2,600AED",15133,U,"2,600AED"
"15188 U 2,600AED",15188,U,"2,600AED"
"15525 U 2,600AED",15525,U,"2,600AED"
"15535 U 2,600AED",15535,U,"2,600AED"
"15575 U 2,600AED",15575,U,"2,600AED"
"15585 U 2,600AED",15585,U,"2,600AED"
"15595 U 2,600AED",15595,U,"2,600AED"
"16122 U 2,600AED",16122,U,"2,600AED"
"16133 U 2,600AED",16133,U,"2,600AED"
"16144 U 2,600AED",16144,U,"2,600AED"
"16543 U 2,600AED",16543,U,"2,600AED"
"16626 U 2,600AED",16626,U,"2,600AED"
"16646 U 2,600AED",16646,U,"2,600AED"
"17122 U 2,600AED",17122,U,"2,600AED"
"17133 U 2,600AED",17133,U,"2,600AED"
"17144 U 2,600AED",17144,U,"2,600AED"
"17155 U 2,600AED",17155,U,"2,600AED"
"17654 U 2,600AED",17654,U,"2,600AED"
"17737 U 2,600AED",17737,U,"2,600AED"
"17747 U 2,600AED",17747,U,"2,600AED"
"17797 U 2,600AED",17797,U,"2,600AED"
"18122 U 2,600AED",18122,U,"2,600AED"
"18133 U 2,600AED",18133,U,"2,600AED"
"18144 U 2,600AED",18144,U,"2,600AED"
"18155 U 2,600AED",18155,U,"2,600AED"
"18765 U 2,600AED",18765,U,"2,600AED"
"18838 U 2,600AED",18838,U,"2,600AED"
"19122 U 2,600AED",19122,U,"2,600AED"
"19133 U 2,600AED",19133,U,"2,600AED"
"19144 U 2,600AED",19144,U,"2,600AED"
"19155 U 2,600AED",19155,U,"2,600AED"
"20242 U 2,600AED",20242,U,"2,600AED"
"20252 U 2,600AED",20252,U,"2,600AED"
"20262 U 2,600AED",20262,U,"2,600AED"
"20272 U 2,600AED",20272,U,"2,600AED"
"20282 U 2,600AED",20282,U,"2,600AED"
"20292 U 2,600AED",20292,U,"2,600AED"
"21244 U 2,600AED",21244,U,"2,600AED"
"22141 U 2,600AED",22141,U,"2,600AED"
"22151 U 2,600AED",22151,U,"2,600AED"
"22171 U 2,600AED",22171,U,"2,600AED"
"22181 U 2,600AED",22181,U,"2,600AED"
"22191 U 2,600AED",22191,U,"2,600AED"
"22515 U 2,600AED",22515,U,"2,600AED"
"22616 U 2,600AED",22616,U,"2,600AED"
"22717 U 2,600AED",22717,U,"2,600AED"
"22919 U 2,600AED",22919,U,"2,600AED"
"24414 U 2,600AED",24414,U,"2,600AED"
"25515 U 2,600AED",25515,U,"2,600AED"
"26616 U 2,600AED",26616,U,"2,600AED"
"30353 U 2,600AED",30353,U,"2,600AED"
"30373 U 2,600AED",30373,U,"2,600AED"
"33151 U 2,600AED",33151,U,"2,600AED"
"33161 U 2,600AED",33161,U,"2,600AED"
"33171 U 2,600AED",33171,U,"2,600AED"
"33181 U 2,600AED",33181,U,"2,600AED"
"33191 U 2,600AED",33191,U,"2,600AED"
"33414 U 2,600AED",33414,U,"2,600AED"
"33515 U 2,600AED",33515,U,"2,600AED"
"33730 U 2,600AED",33730,U,"2,600AED"
"33930 U 2,600AED",33930,U,"2,600AED"
"34564 U 2,600AED",34564,U,"2,600AED"
"35515 U 2,600AED",35515,U,"2,600AED"
"36616 U 2,600AED",36616,U,"2,600AED"
"38818 U 2,600AED",38818,U,"2,600AED"
"40464 U 2,600AED",40464,U,"2,600AED"
"40474 U 2,600AED",40474,U,"2,600AED"
"41477 U 2,600AED",41477,U,"2,600AED"
"41488 U 2,600AED",41488,U,"2,600AED"
"41499 U 2,600AED",41499,U,"2,600AED"
"44121 U 2,600AED",44121,U,"2,600AED"
"44161 U 2,600AED",44161,U,"2,600AED"
"44171 U 2,600AED",44171,U,"2,600AED"
"44181 U 2,600AED",44181,U,"2,600AED"
"44191 U 2,600AED",44191,U,"2,600AED"
"44616 U 2,600AED",44616,U,"2,600AED"
"44740 U 2,600AED",44740,U,"2,600AED"
"44840 U 2,600AED",44840,U,"2,600AED"
"45671 U 2,600AED",45671,U,"2,600AED"
"46616 U 2,600AED",46616,U,"2,600AED"
"49919 U 2,600AED",49919,U,"2,600AED"
"50575 U 2,600AED",50575,U,"2,600AED"
"50585 U 2,600AED",50585,U,"2,600AED"
"52212 U 2,600AED",52212,U,"2,600AED"
"53313 U 2,600AED",53313,U,"2,600AED"
"55181 U 2,600AED",55181,U,"2,600AED"
"55191 U 2,600AED",55191,U,"2,600AED"
"58818 U 2,600AED",58818,U,"2,600AED"
"59919 U 2,600AED",59919,U,"2,600AED"
"61633 U 2,600AED",61633,U,"2,600AED"
"62212 U 2,600AED",62212,U,"2,600AED"
"64414 U 2,600AED",64414,U,"2,600AED"
"66121 U 2,600AED",66121,U,"2,600AED"
"66141 U 2,600AED",66141,U,"2,600AED"
"66181 U 2,600AED",66181,U,"2,600AED"
"66414 U 2,600AED",66414,U,"2,600AED"
"69939 U 2,600AED",69939,U,"2,600AED"
"72212 U 2,600AED",72212,U,"2,600AED"
"73313 U 2,600AED",73313,U,"2,600AED"
"74414 U 2,600AED",74414,U,"2,600AED"
"76541 U 2,600AED",76541,U,"2,600AED"
"77141 U 2,600AED",77141,U,"2,600AED"
"77151 U 2,600AED",77151,U,"2,600AED"
"77191 U 2,600AED",77191,U,"2,600AED"
"77212 U 2,600AED",77212,U,"2,600AED"
"77414 U 2,600AED",77414,U,"2,600AED"
"79919 U 2,600AED",79919,U,"2,600AED"
"80828 U 2,600AED",80828,U,"2,600AED"
"80838 U 2,600AED",80838,U,"2,600AED"
"80848 U 2,600AED",80848,U,"2,600AED"
"80868 U 2,600AED",80868,U,"2,600AED"
"81822 U 2,600AED",81822,U,"2,600AED"
"82212 U 2,600AED",82212,U,"2,600AED"
"83313 U 2,600AED",83313,U,"2,600AED"
"83323 U 2,600AED",83323,U,"2,600AED"
"84414 U 2,600AED",84414,U,"2,600AED"
"86616 U 2,600AED",86616,U,"2,600AED"
"88131 U 2,600AED",88131,U,"2,600AED"
"88141 U 2,600AED",88141,U,"2,600AED"
"88151 U 2,600AED",88151,U,"2,600AED"
"88414 U 2,600AED",88414,U,"2,600AED"
"88515 U 2,600AED",88515,U,"2,600AED"
"90929 U 2,600AED",90929,U,"2,600AED"
"90949 U 2,600AED",90949,U,"2,600AED"
"90959 U 2,600AED",90959,U,"2,600AED"
"90979 U 2,600AED",90979,U,"2,600AED"
"92212 U 2,600AED",92212,U,"2,600AED"
"94414 U 2,600AED",94414,U,"2,600AED"
"95515 U 2,600AED",95515,U,"2,600AED"
"98761 U 2,600AED",98761,U,"2,600AED"
"99131 U 2,600AED",99131,U,"2,600AED"
"99141 U 2,600AED",99141,U,"2,600AED"
"99151 U 2,600AED",99151,U,"2,600AED"
"99212 U 2,600AED",99212,U,"2,600AED"
"99290 U 2,600AED",99290,U,"2,600AED"
"99414 U 2,600AED",99414,U,"2,600AED"
"99717 U 2,600AED",99717,U,"2,600AED"
"48404 W 2,600AED",48404,W,"2,600AED"
"53505 W 2,600AED",53505,W,"2,600AED"
"62606 W 2,600AED",62606,W,"2,600AED"
"64044 W 2,600AED",64044,W,"2,600AED"
"64606 W 2,600AED",64606,W,"2,600AED"
"66706 W 2,600AED",66706,W,"2,600AED"
"74044 W 2,600AED",74044,W,"2,600AED"
"99029 W 2,600AED",99029,W,"2,600AED"
"99049 W 2,600AED",99049,W,"2,600AED"
"25585 G 2,400AED",25585,G,"2,400AED"
"29949 G 2,400AED",29949,G,"2,400AED"
"33575 G 2,400AED",33575,G,"2,400AED"
"33626 G 2,400AED",33626,G,"2,400AED"
"33727 G 2,400AED",33727,G,"2,400AED"
"33767 G 2,400AED",33767,G,"2,400AED"
"33797 G 2,400AED",33797,G,"2,400AED"
"33828 G 2,400AED",33828,G,"2,400AED"
"33878 G 2,400AED",33878,G,"2,400AED"
"33959 G 2,400AED",33959,G,"2,400AED"
"44252 G 2,400AED",44252,G,"2,400AED"
"44282 G 2,400AED",44282,G,"2,400AED"
"44585 G 2,400AED",44585,G,"2,400AED"
"44636 G 2,400AED",44636,G,"2,400AED"
"54484 G 2,400AED",54484,G,"2,400AED"
"55262 G 2,400AED",55262,G,"2,400AED"
"55292 G 2,400AED",55292,G,"2,400AED"
"55424 G 2,400AED",55424,G,"2,400AED"
"55474 G 2,400AED",55474,G,"2,400AED"
"55737 G 2,400AED",55737,G,"2,400AED"
"62242 G 2,400AED",62242,G,"2,400AED"
"64474 G 2,400AED",64474,G,"2,400AED"
"66232 G 2,400AED",66232,G,"2,400AED"
"66484 G 2,400AED",66484,G,"2,400AED"
"66747 G 2,400AED",66747,G,"2,400AED"
"77343 G 2,400AED",77343,G,"2,400AED"
"77494 G 2,400AED",77494,G,"2,400AED"
"77525 G 2,400AED",77525,G,"2,400AED"
"88565 G 2,400AED",88565,G,"2,400AED"
"88595 G 2,400AED",88595,G,"2,400AED"
"92933 G 2,400AED",92933,G,"2,400AED"
"99373 G 2,400AED",99373,G,"2,400AED"
"33525 I 2,400AED",33525,I,"2,400AED"
"33767 I 2,400AED",33767,I,"2,400AED"
"33979 I 2,400AED",33979,I,"2,400AED"
"42262 I 2,400AED",42262,I,"2,400AED"
"42499 I 2,400AED",42499,I,"2,400AED"
"44272 I 2,400AED",44272,I,"2,400AED"
"44626 I 2,400AED",44626,I,"2,400AED"
"44686 I 2,400AED",44686,I,"2,400AED"
"44828 I 2,400AED",44828,I,"2,400AED"
"44858 I 2,400AED",44858,I,"2,400AED"
"44868 I 2,400AED",44868,I,"2,400AED"
"55292 I 2,400AED",55292,I,"2,400AED"
"55484 I 2,400AED",55484,I,"2,400AED"
"55686 I 2,400AED",55686,I,"2,400AED"
"55848 I 2,400AED",55848,I,"2,400AED"
"55939 I 2,400AED",55939,I,"2,400AED"
"55949 I 2,400AED",55949,I,"2,400AED"
"58828 I 2,400AED",58828,I,"2,400AED"
"77858 I 2,400AED",77858,I,"2,400AED"
"88424 I 2,400AED",88424,I,"2,400AED"
"96646 I 2,400AED",96646,I,"2,400AED"
"99242 I 2,400AED",99242,I,"2,400AED"
"99535 I 2,400AED",99535,I,"2,400AED"
"22686 J 2,400AED",22686,J,"2,400AED"
"22989 J 2,400AED",22989,J,"2,400AED"
"33252 J 2,400AED",33252,J,"2,400AED"
"33575 J 2,400AED",33575,J,"2,400AED"
"33686 J 2,400AED",33686,J,"2,400AED"
"44262 J 2,400AED",44262,J,"2,400AED"
"44282 J 2,400AED",44282,J,"2,400AED"
"44292 J 2,400AED",44292,J,"2,400AED"
"44787 J 2,400AED",44787,J,"2,400AED"
"44797 J 2,400AED",44797,J,"2,400AED"
"44838 J 2,400AED",44838,J,"2,400AED"
"55292 J 2,400AED",55292,J,"2,400AED"
"55373 J 2,400AED",55373,J,"2,400AED"
"55737 J 2,400AED",55737,J,"2,400AED"
"66272 J 2,400AED",66272,J,"2,400AED"
"66434 J 2,400AED",66434,J,"2,400AED"
"66949 J 2,400AED",66949,J,"2,400AED"
"77434 J 2,400AED",77434,J,"2,400AED"
"99343 J 2,400AED",99343,J,"2,400AED"
"99373 J 2,400AED",99373,J,"2,400AED"
"99424 J 2,400AED",99424,J,"2,400AED"
"99434 J 2,400AED",99434,J,"2,400AED"
"99474 J 2,400AED",99474,J,"2,400AED"
"99575 J 2,400AED",99575,J,"2,400AED"
"99646 J 2,400AED",99646,J,"2,400AED"
"36646 L 2,400AED",36646,L,"2,400AED"
"74464 L 2,400AED",74464,L,"2,400AED"
"74484 L 2,400AED",74484,L,"2,400AED"
"74494 L 2,400AED",74494,L,"2,400AED"
"76646 L 2,400AED",76646,L,"2,400AED"
"83363 L 2,400AED",83363,L,"2,400AED"
"84424 L 2,400AED",84424,L,"2,400AED"
"84464 L 2,400AED",84464,L,"2,400AED"
"92252 L 2,400AED",92252,L,"2,400AED"
"93353 L 2,400AED",93353,L,"2,400AED"
"94464 L 2,400AED",94464,L,"2,400AED"
"44252 N 2,400AED",44252,N,"2,400AED"
"44272 N 2,400AED",44272,N,"2,400AED"
"44636 N 2,400AED",44636,N,"2,400AED"
"44737 N 2,400AED",44737,N,"2,400AED"
"44757 N 2,400AED",44757,N,"2,400AED"
"44868 N 2,400AED",44868,N,"2,400AED"
"54474 N 2,400AED",54474,N,"2,400AED"
"55262 N 2,400AED",55262,N,"2,400AED"
"55383 N 2,400AED",55383,N,"2,400AED"
"55636 N 2,400AED",55636,N,"2,400AED"
"55727 N 2,400AED",55727,N,"2,400AED"
"55838 N 2,400AED",55838,N,"2,400AED"
"55939 N 2,400AED",55939,N,"2,400AED"
"55979 N 2,400AED",55979,N,"2,400AED"
"66242 N 2,400AED",66242,N,"2,400AED"
"66292 N 2,400AED",66292,N,"2,400AED"
"66343 N 2,400AED",66343,N,"2,400AED"
"66353 N 2,400AED",66353,N,"2,400AED"
"66434 N 2,400AED",66434,N,"2,400AED"
"66858 N 2,400AED",66858,N,"2,400AED"
"66929 N 2,400AED",66929,N,"2,400AED"
"73393 N 2,400AED",73393,N,"2,400AED"
"74434 N 2,400AED",74434,N,"2,400AED"
"74494 N 2,400AED",74494,N,"2,400AED"
"88474 N 2,400AED",88474,N,"2,400AED"
"88545 N 2,400AED",88545,N,"2,400AED"
"88646 N 2,400AED",88646,N,"2,400AED"
"99737 N 2,400AED",99737,N,"2,400AED"
"22353 O 2,400AED",22353,O,"2,400AED"
"22494 O 2,400AED",22494,O,"2,400AED"
"22575 O 2,400AED",22575,O,"2,400AED"
"22636 O 2,400AED",22636,O,"2,400AED"
"22939 O 2,400AED",22939,O,"2,400AED"
"33282 O 2,400AED",33282,O,"2,400AED"
"33292 O 2,400AED",33292,O,"2,400AED"
"33929 O 2,400AED",33929,O,"2,400AED"
"33979 O 2,400AED",33979,O,"2,400AED"
"42262 O 2,400AED",42262,O,"2,400AED"
"44363 O 2,400AED",44363,O,"2,400AED"
"44383 O 2,400AED",44383,O,"2,400AED"
"44636 O 2,400AED",44636,O,"2,400AED"
"44676 O 2,400AED",44676,O,"2,400AED"
"44686 O 2,400AED",44686,O,"2,400AED"
"44727 O 2,400AED",44727,O,"2,400AED"
"44757 O 2,400AED",44757,O,"2,400AED"
"44787 O 2,400AED",44787,O,"2,400AED"
"44797 O 2,400AED",44797,O,"2,400AED"
"44858 O 2,400AED",44858,O,"2,400AED"
"44868 O 2,400AED",44868,O,"2,400AED"
"44878 O 2,400AED",44878,O,"2,400AED"
"44929 O 2,400AED",44929,O,"2,400AED"
"44939 O 2,400AED",44939,O,"2,400AED"
"44959 O 2,400AED",44959,O,"2,400AED"
"46636 O 2,400AED",46636,O,"2,400AED"
"52292 O 2,400AED",52292,O,"2,400AED"
"54424 O 2,400AED",54424,O,"2,400AED"
"55232 O 2,400AED",55232,O,"2,400AED"
"55262 O 2,400AED",55262,O,"2,400AED"
"55292 O 2,400AED",55292,O,"2,400AED"
"55383 O 2,400AED",55383,O,"2,400AED"
"55393 O 2,400AED",55393,O,"2,400AED"
"55626 O 2,400AED",55626,O,"2,400AED"
"55636 O 2,400AED",55636,O,"2,400AED"
"55747 O 2,400AED",55747,O,"2,400AED"
"55838 O 2,400AED",55838,O,"2,400AED"
"55848 O 2,400AED",55848,O,"2,400AED"
"55868 O 2,400AED",55868,O,"2,400AED"
"55898 O 2,400AED",55898,O,"2,400AED"
"55929 O 2,400AED",55929,O,"2,400AED"
"55989 O 2,400AED",55989,O,"2,400AED"
"64474 O 2,400AED",64474,O,"2,400AED"
"66252 O 2,400AED",66252,O,"2,400AED"
"66292 O 2,400AED",66292,O,"2,400AED"
"66424 O 2,400AED",66424,O,"2,400AED"
"66474 O 2,400AED",66474,O,"2,400AED"
"66494 O 2,400AED",66494,O,"2,400AED"
"66727 O 2,400AED",66727,O,"2,400AED"
"66797 O 2,400AED",66797,O,"2,400AED"
"66848 O 2,400AED",66848,O,"2,400AED"
"72242 O 2,400AED",72242,O,"2,400AED"
"74484 O 2,400AED",74484,O,"2,400AED"
"75585 O 2,400AED",75585,O,"2,400AED"
"77252 O 2,400AED",77252,O,"2,400AED"
"77323 O 2,400AED",77323,O,"2,400AED"
"77353 O 2,400AED",77353,O,"2,400AED"
"77383 O 2,400AED",77383,O,"2,400AED"
"77454 O 2,400AED",77454,O,"2,400AED"
"77464 O 2,400AED",77464,O,"2,400AED"
"77525 O 2,400AED",77525,O,"2,400AED"
"77939 O 2,400AED",77939,O,"2,400AED"
"77959 O 2,400AED",77959,O,"2,400AED"
"82242 O 2,400AED",82242,O,"2,400AED"
"83353 O 2,400AED",83353,O,"2,400AED"
"84434 O 2,400AED",84434,O,"2,400AED"
"88262 O 2,400AED",88262,O,"2,400AED"
"88343 O 2,400AED",88343,O,"2,400AED"
"88373 O 2,400AED",88373,O,"2,400AED"
"88393 O 2,400AED",88393,O,"2,400AED"
"88494 O 2,400AED",88494,O,"2,400AED"
"88535 O 2,400AED",88535,O,"2,400AED"
"88656 O 2,400AED",88656,O,"2,400AED"
"88737 O 2,400AED",88737,O,"2,400AED"
"88747 O 2,400AED",88747,O,"2,400AED"
"88757 O 2,400AED",88757,O,"2,400AED"
"93343 O 2,400AED",93343,O,"2,400AED"
"94424 O 2,400AED",94424,O,"2,400AED"
"99353 O 2,400AED",99353,O,"2,400AED"
"99373 O 2,400AED",99373,O,"2,400AED"
"99535 O 2,400AED",99535,O,"2,400AED"
"99565 O 2,400AED",99565,O,"2,400AED"
"99626 O 2,400AED",99626,O,"2,400AED"
"99646 O 2,400AED",99646,O,"2,400AED"
"99737 O 2,400AED",99737,O,"2,400AED"
"99757 O 2,400AED",99757,O,"2,400AED"
"99858 O 2,400AED",99858,O,"2,400AED"
"22373 P 2,400AED",22373,P,"2,400AED"
"22383 P 2,400AED",22383,P,"2,400AED"
"22454 P 2,400AED",22454,P,"2,400AED"
"22464 P 2,400AED",22464,P,"2,400AED"
"22737 P 2,400AED",22737,P,"2,400AED"
"22757 P 2,400AED",22757,P,"2,400AED"
"22787 P 2,400AED",22787,P,"2,400AED"
"24277 P 2,400AED",24277,P,"2,400AED"
"25233 P 2,400AED",25233,P,"2,400AED"
"25244 P 2,400AED",25244,P,"2,400AED"
"27233 P 2,400AED",27233,P,"2,400AED"
"27244 P 2,400AED",27244,P,"2,400AED"
"28233 P 2,400AED",28233,P,"2,400AED"
"28255 P 2,400AED",28255,P,"2,400AED"
"28277 P 2,400AED",28277,P,"2,400AED"
"29244 P 2,400AED",29244,P,"2,400AED"
"33757 P 2,400AED",33757,P,"2,400AED"
"33787 P 2,400AED",33787,P,"2,400AED"
"33828 P 2,400AED",33828,P,"2,400AED"
"33848 P 2,400AED",33848,P,"2,400AED"
"33878 P 2,400AED",33878,P,"2,400AED"
"33959 P 2,400AED",33959,P,"2,400AED"
"35377 P 2,400AED",35377,P,"2,400AED"
"35565 P 2,400AED",35565,P,"2,400AED"
"36322 P 2,400AED",36322,P,"2,400AED"
"37322 P 2,400AED",37322,P,"2,400AED"
"37399 P 2,400AED",37399,P,"2,400AED"
"38322 P 2,400AED",38322,P,"2,400AED"
"38355 P 2,400AED",38355,P,"2,400AED"
"39322 P 2,400AED",39322,P,"2,400AED"
"39366 P 2,400AED",39366,P,"2,400AED"
"39377 P 2,400AED",39377,P,"2,400AED"
"42455 P 2,400AED",42455,P,"2,400AED"
"42477 P 2,400AED",42477,P,"2,400AED"
"42488 P 2,400AED",42488,P,"2,400AED"
"43488 P 2,400AED",43488,P,"2,400AED"
"44292 P 2,400AED",44292,P,"2,400AED"
"44363 P 2,400AED",44363,P,"2,400AED"
"44383 P 2,400AED",44383,P,"2,400AED"
"44393 P 2,400AED",44393,P,"2,400AED"
"44525 P 2,400AED",44525,P,"2,400AED"
"44575 P 2,400AED",44575,P,"2,400AED"
"44626 P 2,400AED",44626,P,"2,400AED"
"44676 P 2,400AED",44676,P,"2,400AED"
"44686 P 2,400AED",44686,P,"2,400AED"
"44696 P 2,400AED",44696,P,"2,400AED"
"44727 P 2,400AED",44727,P,"2,400AED"
"44737 P 2,400AED",44737,P,"2,400AED"
"44787 P 2,400AED",44787,P,"2,400AED"
"44797 P 2,400AED",44797,P,"2,400AED"
"44868 P 2,400AED",44868,P,"2,400AED"
"44929 P 2,400AED",44929,P,"2,400AED"
"44939 P 2,400AED",44939,P,"2,400AED"
"44979 P 2,400AED",44979,P,"2,400AED"
"45422 P 2,400AED",45422,P,"2,400AED"
"45477 P 2,400AED",45477,P,"2,400AED"
"45499 P 2,400AED",45499,P,"2,400AED"
"46422 P 2,400AED",46422,P,"2,400AED"
"46433 P 2,400AED",46433,P,"2,400AED"
"47422 P 2,400AED",47422,P,"2,400AED"
"47433 P 2,400AED",47433,P,"2,400AED"
"47455 P 2,400AED",47455,P,"2,400AED"
"47499 P 2,400AED",47499,P,"2,400AED"
"48455 P 2,400AED",48455,P,"2,400AED"
"48477 P 2,400AED",48477,P,"2,400AED"
"54522 P 2,400AED",54522,P,"2,400AED"
"54577 P 2,400AED",54577,P,"2,400AED"
"55262 P 2,400AED",55262,P,"2,400AED"
"55272 P 2,400AED",55272,P,"2,400AED"
"55282 P 2,400AED",55282,P,"2,400AED"
"55323 P 2,400AED",55323,P,"2,400AED"
"55363 P 2,400AED",55363,P,"2,400AED"
"55383 P 2,400AED",55383,P,"2,400AED"
"55424 P 2,400AED",55424,P,"2,400AED"
"55484 P 2,400AED",55484,P,"2,400AED"
"55626 P 2,400AED",55626,P,"2,400AED"
"55696 P 2,400AED",55696,P,"2,400AED"
"55727 P 2,400AED",55727,P,"2,400AED"
"55787 P 2,400AED",55787,P,"2,400AED"
"55838 P 2,400AED",55838,P,"2,400AED"
"55939 P 2,400AED",55939,P,"2,400AED"
"55949 P 2,400AED",55949,P,"2,400AED"
"55989 P 2,400AED",55989,P,"2,400AED"
"56599 P 2,400AED",56599,P,"2,400AED"
"57544 P 2,400AED",57544,P,"2,400AED"
"58544 P 2,400AED",58544,P,"2,400AED"
"62633 P 2,400AED",62633,P,"2,400AED"
"62677 P 2,400AED",62677,P,"2,400AED"
"62688 P 2,400AED",62688,P,"2,400AED"
"63644 P 2,400AED",63644,P,"2,400AED"
"63655 P 2,400AED",63655,P,"2,400AED"
"66343 P 2,400AED",66343,P,"2,400AED"
"66424 P 2,400AED",66424,P,"2,400AED"
"66434 P 2,400AED",66434,P,"2,400AED"
"66525 P 2,400AED",66525,P,"2,400AED"
"66848 P 2,400AED",66848,P,"2,400AED"
"66979 P 2,400AED",66979,P,"2,400AED"
"67622 P 2,400AED",67622,P,"2,400AED"
"68622 P 2,400AED",68622,P,"2,400AED"
"69644 P 2,400AED",69644,P,"2,400AED"
"72733 P 2,400AED",72733,P,"2,400AED"
"72788 P 2,400AED",72788,P,"2,400AED"
"73766 P 2,400AED",73766,P,"2,400AED"
"73788 P 2,400AED",73788,P,"2,400AED"
"74766 P 2,400AED",74766,P,"2,400AED"
"75733 P 2,400AED",75733,P,"2,400AED"
"76744 P 2,400AED",76744,P,"2,400AED"
"77323 P 2,400AED",77323,P,"2,400AED"
"77343 P 2,400AED",77343,P,"2,400AED"
"77353 P 2,400AED",77353,P,"2,400AED"
"77363 P 2,400AED",77363,P,"2,400AED"
"77434 P 2,400AED",77434,P,"2,400AED"
"77484 P 2,400AED",77484,P,"2,400AED"
"77525 P 2,400AED",77525,P,"2,400AED"
"77545 P 2,400AED",77545,P,"2,400AED"
"77626 P 2,400AED",77626,P,"2,400AED"
"77636 P 2,400AED",77636,P,"2,400AED"
"77828 P 2,400AED",77828,P,"2,400AED"
"77848 P 2,400AED",77848,P,"2,400AED"
"77929 P 2,400AED",77929,P,"2,400AED"
"77949 P 2,400AED",77949,P,"2,400AED"
"78722 P 2,400AED",78722,P,"2,400AED"
"79722 P 2,400AED",79722,P,"2,400AED"
"82877 P 2,400AED",82877,P,"2,400AED"
"82899 P 2,400AED",82899,P,"2,400AED"
"83844 P 2,400AED",83844,P,"2,400AED"
"83877 P 2,400AED",83877,P,"2,400AED"
"84877 P 2,400AED",84877,P,"2,400AED"
"84899 P 2,400AED",84899,P,"2,400AED"
"86833 P 2,400AED",86833,P,"2,400AED"
"86844 P 2,400AED",86844,P,"2,400AED"
"87833 P 2,400AED",87833,P,"2,400AED"
"88272 P 2,400AED",88272,P,"2,400AED"
"88363 P 2,400AED",88363,P,"2,400AED"
"88454 P 2,400AED",88454,P,"2,400AED"
"88494 P 2,400AED",88494,P,"2,400AED"
"88545 P 2,400AED",88545,P,"2,400AED"
"88737 P 2,400AED",88737,P,"2,400AED"
"88747 P 2,400AED",88747,P,"2,400AED"
"88949 P 2,400AED",88949,P,"2,400AED"
"88959 P 2,400AED",88959,P,"2,400AED"
"89833 P 2,400AED",89833,P,"2,400AED"
"92955 P 2,400AED",92955,P,"2,400AED"
"92966 P 2,400AED",92966,P,"2,400AED"
"92988 P 2,400AED",92988,P,"2,400AED"
"93966 P 2,400AED",93966,P,"2,400AED"
"93977 P 2,400AED",93977,P,"2,400AED"
"94933 P 2,400AED",94933,P,"2,400AED"
"95944 P 2,400AED",95944,P,"2,400AED"
"96922 P 2,400AED",96922,P,"2,400AED"
"99343 P 2,400AED",99343,P,"2,400AED"
"99424 P 2,400AED",99424,P,"2,400AED"
"99434 P 2,400AED",99434,P,"2,400AED"
"99454 P 2,400AED",99454,P,"2,400AED"
"99545 P 2,400AED",99545,P,"2,400AED"
"99575 P 2,400AED",99575,P,"2,400AED"
"99757 P 2,400AED",99757,P,"2,400AED"
"99838 P 2,400AED",99838,P,"2,400AED"
"14484 Q 2,400AED",14484,Q,"2,400AED"
"22363 Q 2,400AED",22363,Q,"2,400AED"
"22454 Q 2,400AED",22454,Q,"2,400AED"
"22464 Q 2,400AED",22464,Q,"2,400AED"
"22494 Q 2,400AED",22494,Q,"2,400AED"
"22545 Q 2,400AED",22545,Q,"2,400AED"
"22575 Q 2,400AED",22575,Q,"2,400AED"
"22757 Q 2,400AED",22757,Q,"2,400AED"
"22858 Q 2,400AED",22858,Q,"2,400AED"
"22878 Q 2,400AED",22878,Q,"2,400AED"
"22949 Q 2,400AED",22949,Q,"2,400AED"
"22969 Q 2,400AED",22969,Q,"2,400AED"
"22979 Q 2,400AED",22979,Q,"2,400AED"
"23373 Q 2,400AED",23373,Q,"2,400AED"
"32262 Q 2,400AED",32262,Q,"2,400AED"
"32282 Q 2,400AED",32282,Q,"2,400AED"
"33262 Q 2,400AED",33262,Q,"2,400AED"
"33292 Q 2,400AED",33292,Q,"2,400AED"
"33525 Q 2,400AED",33525,Q,"2,400AED"
"33585 Q 2,400AED",33585,Q,"2,400AED"
"33626 Q 2,400AED",33626,Q,"2,400AED"
"33646 Q 2,400AED",33646,Q,"2,400AED"
"33686 Q 2,400AED",33686,Q,"2,400AED"
"33747 Q 2,400AED",33747,Q,"2,400AED"
"33767 Q 2,400AED",33767,Q,"2,400AED"
"33797 Q 2,400AED",33797,Q,"2,400AED"
"33848 Q 2,400AED",33848,Q,"2,400AED"
"33878 Q 2,400AED",33878,Q,"2,400AED"
"33929 Q 2,400AED",33929,Q,"2,400AED"
"33979 Q 2,400AED",33979,Q,"2,400AED"
"34464 Q 2,400AED",34464,Q,"2,400AED"
"34474 Q 2,400AED",34474,Q,"2,400AED"
"38848 Q 2,400AED",38848,Q,"2,400AED"
"43383 Q 2,400AED",43383,Q,"2,400AED"
"43393 Q 2,400AED",43393,Q,"2,400AED"
"44252 Q 2,400AED",44252,Q,"2,400AED"
"44262 Q 2,400AED",44262,Q,"2,400AED"
"44272 Q 2,400AED",44272,Q,"2,400AED"
"44282 Q 2,400AED",44282,Q,"2,400AED"
"44292 Q 2,400AED",44292,Q,"2,400AED"
"44363 Q 2,400AED",44363,Q,"2,400AED"
"44383 Q 2,400AED",44383,Q,"2,400AED"
"44393 Q 2,400AED",44393,Q,"2,400AED"
"44575 Q 2,400AED",44575,Q,"2,400AED"
"44585 Q 2,400AED",44585,Q,"2,400AED"
"44636 Q 2,400AED",44636,Q,"2,400AED"
"44676 Q 2,400AED",44676,Q,"2,400AED"
"44737 Q 2,400AED",44737,Q,"2,400AED"
"44767 Q 2,400AED",44767,Q,"2,400AED"
"44787 Q 2,400AED",44787,Q,"2,400AED"
"44828 Q 2,400AED",44828,Q,"2,400AED"
"44838 Q 2,400AED",44838,Q,"2,400AED"
"44858 Q 2,400AED",44858,Q,"2,400AED"
"44878 Q 2,400AED",44878,Q,"2,400AED"
"44898 Q 2,400AED",44898,Q,"2,400AED"
"44939 Q 2,400AED",44939,Q,"2,400AED"
"44979 Q 2,400AED",44979,Q,"2,400AED"
"44989 Q 2,400AED",44989,Q,"2,400AED"
"45585 Q 2,400AED",45585,Q,"2,400AED"
"46636 Q 2,400AED",46636,Q,"2,400AED"
"53393 Q 2,400AED",53393,Q,"2,400AED"
"55232 Q 2,400AED",55232,Q,"2,400AED"
"55242 Q 2,400AED",55242,Q,"2,400AED"
"55282 Q 2,400AED",55282,Q,"2,400AED"
"55363 Q 2,400AED",55363,Q,"2,400AED"
"55373 Q 2,400AED",55373,Q,"2,400AED"
"55383 Q 2,400AED",55383,Q,"2,400AED"
"55393 Q 2,400AED",55393,Q,"2,400AED"
"55424 Q 2,400AED",55424,Q,"2,400AED"
"55474 Q 2,400AED",55474,Q,"2,400AED"
"55484 Q 2,400AED",55484,Q,"2,400AED"
"55636 Q 2,400AED",55636,Q,"2,400AED"
"55939 Q 2,400AED",55939,Q,"2,400AED"
"55949 Q 2,400AED",55949,Q,"2,400AED"
"58838 Q 2,400AED",58838,Q,"2,400AED"
"59939 Q 2,400AED",59939,Q,"2,400AED"
"62272 Q 2,400AED",62272,Q,"2,400AED"
"62282 Q 2,400AED",62282,Q,"2,400AED"
"64474 Q 2,400AED",64474,Q,"2,400AED"
"66272 Q 2,400AED",66272,Q,"2,400AED"
"66353 Q 2,400AED",66353,Q,"2,400AED"
"66383 Q 2,400AED",66383,Q,"2,400AED"
"66424 Q 2,400AED",66424,Q,"2,400AED"
"66494 Q 2,400AED",66494,Q,"2,400AED"
"66585 Q 2,400AED",66585,Q,"2,400AED"
"66747 Q 2,400AED",66747,Q,"2,400AED"
"66797 Q 2,400AED",66797,Q,"2,400AED"
"66828 Q 2,400AED",66828,Q,"2,400AED"
"66858 Q 2,400AED",66858,Q,"2,400AED"
"66979 Q 2,400AED",66979,Q,"2,400AED"
"72232 Q 2,400AED",72232,Q,"2,400AED"
"72262 Q 2,400AED",72262,Q,"2,400AED"
"72282 Q 2,400AED",72282,Q,"2,400AED"
"73353 Q 2,400AED",73353,Q,"2,400AED"
"74424 Q 2,400AED",74424,Q,"2,400AED"
"74434 Q 2,400AED",74434,Q,"2,400AED"
"74494 Q 2,400AED",74494,Q,"2,400AED"
"77232 Q 2,400AED",77232,Q,"2,400AED"
"77343 Q 2,400AED",77343,Q,"2,400AED"
"77383 Q 2,400AED",77383,Q,"2,400AED"
"77393 Q 2,400AED",77393,Q,"2,400AED"
"77434 Q 2,400AED",77434,Q,"2,400AED"
"77464 Q 2,400AED",77464,Q,"2,400AED"
"77525 Q 2,400AED",77525,Q,"2,400AED"
"77626 Q 2,400AED",77626,Q,"2,400AED"
"77838 Q 2,400AED",77838,Q,"2,400AED"
"79939 Q 2,400AED",79939,Q,"2,400AED"
"79949 Q 2,400AED",79949,Q,"2,400AED"
"82262 Q 2,400AED",82262,Q,"2,400AED"
"84424 Q 2,400AED",84424,Q,"2,400AED"
"84464 Q 2,400AED",84464,Q,"2,400AED"
"84494 Q 2,400AED",84494,Q,"2,400AED"
"86646 Q 2,400AED",86646,Q,"2,400AED"
"87727 Q 2,400AED",87727,Q,"2,400AED"
"88252 Q 2,400AED",88252,Q,"2,400AED"
"88292 Q 2,400AED",88292,Q,"2,400AED"
"88393 Q 2,400AED",88393,Q,"2,400AED"
"88454 Q 2,400AED",88454,Q,"2,400AED"
"88464 Q 2,400AED",88464,Q,"2,400AED"
"88494 Q 2,400AED",88494,Q,"2,400AED"
"88525 Q 2,400AED",88525,Q,"2,400AED"
"88535 Q 2,400AED",88535,Q,"2,400AED"
"88565 Q 2,400AED",88565,Q,"2,400AED"
"88737 Q 2,400AED",88737,Q,"2,400AED"
"88949 Q 2,400AED",88949,Q,"2,400AED"
"88959 Q 2,400AED",88959,Q,"2,400AED"
"92272 Q 2,400AED",92272,Q,"2,400AED"
"94424 Q 2,400AED",94424,Q,"2,400AED"
"94434 Q 2,400AED",94434,Q,"2,400AED"
"94464 Q 2,400AED",94464,Q,"2,400AED"
"94474 Q 2,400AED",94474,Q,"2,400AED"
"95525 Q 2,400AED",95525,Q,"2,400AED"
"99242 Q 2,400AED",99242,Q,"2,400AED"
"99252 Q 2,400AED",99252,Q,"2,400AED"
"99272 Q 2,400AED",99272,Q,"2,400AED"
"99363 Q 2,400AED",99363,Q,"2,400AED"
"99424 Q 2,400AED",99424,Q,"2,400AED"
"99454 Q 2,400AED",99454,Q,"2,400AED"
"99464 Q 2,400AED",99464,Q,"2,400AED"
"99575 Q 2,400AED",99575,Q,"2,400AED"
"99727 Q 2,400AED",99727,Q,"2,400AED"
"99737 Q 2,400AED",99737,Q,"2,400AED"
"99757 Q 2,400AED",99757,Q,"2,400AED"
"59939 R 2,400AED",59939,R,"2,400AED"
"22373 T 2,400AED",22373,T,"2,400AED"
"22383 T 2,400AED",22383,T,"2,400AED"
"22474 T 2,400AED",22474,T,"2,400AED"
"22494 T 2,400AED",22494,T,"2,400AED"
"22535 T 2,400AED",22535,T,"2,400AED"
"22565 T 2,400AED",22565,T,"2,400AED"
"22646 T 2,400AED",22646,T,"2,400AED"
"22696 T 2,400AED",22696,T,"2,400AED"
"22737 T 2,400AED",22737,T,"2,400AED"
"22757 T 2,400AED",22757,T,"2,400AED"
"22767 T 2,400AED",22767,T,"2,400AED"
"22787 T 2,400AED",22787,T,"2,400AED"
"22797 T 2,400AED",22797,T,"2,400AED"
"22848 T 2,400AED",22848,T,"2,400AED"
"22979 T 2,400AED",22979,T,"2,400AED"
"23393 T 2,400AED",23393,T,"2,400AED"
"33272 T 2,400AED",33272,T,"2,400AED"
"33474 T 2,400AED",33474,T,"2,400AED"
"33686 T 2,400AED",33686,T,"2,400AED"
"33696 T 2,400AED",33696,T,"2,400AED"
"33767 T 2,400AED",33767,T,"2,400AED"
"33787 T 2,400AED",33787,T,"2,400AED"
"33797 T 2,400AED",33797,T,"2,400AED"
"33878 T 2,400AED",33878,T,"2,400AED"
"33959 T 2,400AED",33959,T,"2,400AED"
"34494 T 2,400AED",34494,T,"2,400AED"
"44252 T 2,400AED",44252,T,"2,400AED"
"44262 T 2,400AED",44262,T,"2,400AED"
"44272 T 2,400AED",44272,T,"2,400AED"
"44363 T 2,400AED",44363,T,"2,400AED"
"44373 T 2,400AED",44373,T,"2,400AED"
"44383 T 2,400AED",44383,T,"2,400AED"
"44595 T 2,400AED",44595,T,"2,400AED"
"44626 T 2,400AED",44626,T,"2,400AED"
"44636 T 2,400AED",44636,T,"2,400AED"
"44676 T 2,400AED",44676,T,"2,400AED"
"44696 T 2,400AED",44696,T,"2,400AED"
"44727 T 2,400AED",44727,T,"2,400AED"
"44737 T 2,400AED",44737,T,"2,400AED"
"44767 T 2,400AED",44767,T,"2,400AED"
"44787 T 2,400AED",44787,T,"2,400AED"
"44858 T 2,400AED",44858,T,"2,400AED"
"44868 T 2,400AED",44868,T,"2,400AED"
"44929 T 2,400AED",44929,T,"2,400AED"
"44959 T 2,400AED",44959,T,"2,400AED"
"44969 T 2,400AED",44969,T,"2,400AED"
"45525 T 2,400AED",45525,T,"2,400AED"
"52282 T 2,400AED",52282,T,"2,400AED"
"55232 T 2,400AED",55232,T,"2,400AED"
"55292 T 2,400AED",55292,T,"2,400AED"
"55323 T 2,400AED",55323,T,"2,400AED"
"55373 T 2,400AED",55373,T,"2,400AED"
"55383 T 2,400AED",55383,T,"2,400AED"
"55424 T 2,400AED",55424,T,"2,400AED"
"55484 T 2,400AED",55484,T,"2,400AED"
"55494 T 2,400AED",55494,T,"2,400AED"
"55636 T 2,400AED",55636,T,"2,400AED"
"55727 T 2,400AED",55727,T,"2,400AED"
"55747 T 2,400AED",55747,T,"2,400AED"
"55787 T 2,400AED",55787,T,"2,400AED"
"55838 T 2,400AED",55838,T,"2,400AED"
"55848 T 2,400AED",55848,T,"2,400AED"
"55929 T 2,400AED",55929,T,"2,400AED"
"55939 T 2,400AED",55939,T,"2,400AED"
"57747 T 2,400AED",57747,T,"2,400AED"
"62272 T 2,400AED",62272,T,"2,400AED"
"66232 T 2,400AED",66232,T,"2,400AED"
"66272 T 2,400AED",66272,T,"2,400AED"
"66373 T 2,400AED",66373,T,"2,400AED"
"66383 T 2,400AED",66383,T,"2,400AED"
"66393 T 2,400AED",66393,T,"2,400AED"
"66484 T 2,400AED",66484,T,"2,400AED"
"66828 T 2,400AED",66828,T,"2,400AED"
"73353 T 2,400AED",73353,T,"2,400AED"
"75585 T 2,400AED",75585,T,"2,400AED"
"77232 T 2,400AED",77232,T,"2,400AED"
"77252 T 2,400AED",77252,T,"2,400AED"
"77262 T 2,400AED",77262,T,"2,400AED"
"77343 T 2,400AED",77343,T,"2,400AED"
"77393 T 2,400AED",77393,T,"2,400AED"
"77434 T 2,400AED",77434,T,"2,400AED"
"77525 T 2,400AED",77525,T,"2,400AED"
"77535 T 2,400AED",77535,T,"2,400AED"
"77646 T 2,400AED",77646,T,"2,400AED"
"77929 T 2,400AED",77929,T,"2,400AED"
"82232 T 2,400AED",82232,T,"2,400AED"
"82252 T 2,400AED",82252,T,"2,400AED"
"82292 T 2,400AED",82292,T,"2,400AED"
"84464 T 2,400AED",84464,T,"2,400AED"
"84474 T 2,400AED",84474,T,"2,400AED"
"88262 T 2,400AED",88262,T,"2,400AED"
"88343 T 2,400AED",88343,T,"2,400AED"
"88646 T 2,400AED",88646,T,"2,400AED"
"88747 T 2,400AED",88747,T,"2,400AED"
"93363 T 2,400AED",93363,T,"2,400AED"
"94424 T 2,400AED",94424,T,"2,400AED"
"94454 T 2,400AED",94454,T,"2,400AED"
"94484 T 2,400AED",94484,T,"2,400AED"
"99242 T 2,400AED",99242,T,"2,400AED"
"99262 T 2,400AED",99262,T,"2,400AED"
"99353 T 2,400AED",99353,T,"2,400AED"
"99373 T 2,400AED",99373,T,"2,400AED"
"99424 T 2,400AED",99424,T,"2,400AED"
"99434 T 2,400AED",99434,T,"2,400AED"
"99454 T 2,400AED",99454,T,"2,400AED"
"99484 T 2,400AED",99484,T,"2,400AED"
"99575 T 2,400AED",99575,T,"2,400AED"
"99626 T 2,400AED",99626,T,"2,400AED"
"99757 T 2,400AED",99757,T,"2,400AED"
"99858 T 2,400AED",99858,T,"2,400AED"
"22363 U 2,400AED",22363,U,"2,400AED"
"22373 U 2,400AED",22373,U,"2,400AED"
"22393 U 2,400AED",22393,U,"2,400AED"
"23353 U 2,400AED",23353,U,"2,400AED"
"23373 U 2,400AED",23373,U,"2,400AED"
"23383 U 2,400AED",23383,U,"2,400AED"
"23393 U 2,400AED",23393,U,"2,400AED"
"24484 U 2,400AED",24484,U,"2,400AED"
"26233 U 2,400AED",26233,U,"2,400AED"
"26277 U 2,400AED",26277,U,"2,400AED"
"26676 U 2,400AED",26676,U,"2,400AED"
"28299 U 2,400AED",28299,U,"2,400AED"
"29277 U 2,400AED",29277,U,"2,400AED"
"32252 U 2,400AED",32252,U,"2,400AED"
"32262 U 2,400AED",32262,U,"2,400AED"
"32282 U 2,400AED",32282,U,"2,400AED"
"32377 U 2,400AED",32377,U,"2,400AED"
"32388 U 2,400AED",32388,U,"2,400AED"
"32399 U 2,400AED",32399,U,"2,400AED"
"33252 U 2,400AED",33252,U,"2,400AED"
"33262 U 2,400AED",33262,U,"2,400AED"
"33272 U 2,400AED",33272,U,"2,400AED"
"33292 U 2,400AED",33292,U,"2,400AED"
"33474 U 2,400AED",33474,U,"2,400AED"
"33484 U 2,400AED",33484,U,"2,400AED"
"33525 U 2,400AED",33525,U,"2,400AED"
"33969 U 2,400AED",33969,U,"2,400AED"
"35322 U 2,400AED",35322,U,"2,400AED"
"35565 U 2,400AED",35565,U,"2,400AED"
"37797 U 2,400AED",37797,U,"2,400AED"
"43373 U 2,400AED",43373,U,"2,400AED"
"44262 U 2,400AED",44262,U,"2,400AED"
"44787 U 2,400AED",44787,U,"2,400AED"
"44989 U 2,400AED",44989,U,"2,400AED"
"55474 U 2,400AED",55474,U,"2,400AED"
"55636 U 2,400AED",55636,U,"2,400AED"
"55696 U 2,400AED",55696,U,"2,400AED"
"62633 U 2,400AED",62633,U,"2,400AED"
"62677 U 2,400AED",62677,U,"2,400AED"
"62699 U 2,400AED",62699,U,"2,400AED"
"63383 U 2,400AED",63383,U,"2,400AED"
"63622 U 2,400AED",63622,U,"2,400AED"
"63677 U 2,400AED",63677,U,"2,400AED"
"66929 U 2,400AED",66929,U,"2,400AED"
"66949 U 2,400AED",66949,U,"2,400AED"
"66979 U 2,400AED",66979,U,"2,400AED"
"69644 U 2,400AED",69644,U,"2,400AED"
"69949 U 2,400AED",69949,U,"2,400AED"
"72232 U 2,400AED",72232,U,"2,400AED"
"72282 U 2,400AED",72282,U,"2,400AED"
"72788 U 2,400AED",72788,U,"2,400AED"
"73323 U 2,400AED",73323,U,"2,400AED"
"74788 U 2,400AED",74788,U,"2,400AED"
"75535 U 2,400AED",75535,U,"2,400AED"
"77282 U 2,400AED",77282,U,"2,400AED"
"77383 U 2,400AED",77383,U,"2,400AED"
"77393 U 2,400AED",77393,U,"2,400AED"
"77434 U 2,400AED",77434,U,"2,400AED"
"77454 U 2,400AED",77454,U,"2,400AED"
"77494 U 2,400AED",77494,U,"2,400AED"
"77585 U 2,400AED",77585,U,"2,400AED"
"77828 U 2,400AED",77828,U,"2,400AED"
"78744 U 2,400AED",78744,U,"2,400AED"
"78828 U 2,400AED",78828,U,"2,400AED"
"79969 U 2,400AED",79969,U,"2,400AED"
"82899 U 2,400AED",82899,U,"2,400AED"
"83373 U 2,400AED",83373,U,"2,400AED"
"83822 U 2,400AED",83822,U,"2,400AED"
"83877 U 2,400AED",83877,U,"2,400AED"
"84454 U 2,400AED",84454,U,"2,400AED"
"84494 U 2,400AED",84494,U,"2,400AED"
"84866 U 2,400AED",84866,U,"2,400AED"
"84877 U 2,400AED",84877,U,"2,400AED"
"85899 U 2,400AED",85899,U,"2,400AED"
"87737 U 2,400AED",87737,U,"2,400AED"
"87757 U 2,400AED",87757,U,"2,400AED"
"87844 U 2,400AED",87844,U,"2,400AED"
"88373 U 2,400AED",88373,U,"2,400AED"
"88575 U 2,400AED",88575,U,"2,400AED"
"88626 U 2,400AED",88626,U,"2,400AED"
"88747 U 2,400AED",88747,U,"2,400AED"
"88929 U 2,400AED",88929,U,"2,400AED"
"92242 U 2,400AED",92242,U,"2,400AED"
"92282 U 2,400AED",92282,U,"2,400AED"
"93373 U 2,400AED",93373,U,"2,400AED"
"93944 U 2,400AED",93944,U,"2,400AED"
"93966 U 2,400AED",93966,U,"2,400AED"
"96626 U 2,400AED",96626,U,"2,400AED"
"96656 U 2,400AED",96656,U,"2,400AED"
"96933 U 2,400AED",96933,U,"2,400AED"
"96977 U 2,400AED",96977,U,"2,400AED"
"97737 U 2,400AED",97737,U,"2,400AED"
"97747 U 2,400AED",97747,U,"2,400AED"
"98828 U 2,400AED",98828,U,"2,400AED"
"99232 U 2,400AED",99232,U,"2,400AED"
"99373 U 2,400AED",99373,U,"2,400AED"
"99585 U 2,400AED",99585,U,"2,400AED"
"99646 U 2,400AED",99646,U,"2,400AED"
