number,code,price
1313,U,109000
3222,H,72000
30033,P,24000
7765,L,17500
8876,U,17500
1146,O,16500
2744,E,12900
22828,L,12900
5546,R,12900
2633,Q,12500
11189,Q,11900
6586,F,10900
40333,H,10900
6376,J,10900
40333,L,10900
40333,N,10900
40333,P,10900
45045,D,9900
41041,Q,9900
33342,I,9500
66640,J,9500
33367,O,7900
23200,T,7900
28080,P,7500
40540,L,6900
15451,O,6900
14541,U,6500
18481,Q,5900
21331,S,5900
33114,S,5900
34411,S,5900
44113,S,5900
51133,S,5900
55114,S,5900
55411,S,5900
66113,S,5900
66115,S,5900
66445,S,5900
76611,S,5900
88922,S,5900
90110,U,5900
44336,S,5500
44338,S,5500
51221,S,5500
54354,S,5500
66772,S,5500
66773,S,5500
50551,P,4900
89944,P,4900
14911,S,4900
51154,S,4900
60990,U,4900
90102,D,4500
65757,J,4500
11448,P,4500
55118,P,4500
14418,S,4500
31531,S,4500
39119,S,4500
41661,S,4500
71471,S,4500
83113,S,4500
30107,E,4000
49941,S,4000
65562,S,4000
65563,S,4000
22131,U,4000
31322,U,4000
40054,U,4000
34404,X,4000
46262,J,3900
85580,P,3900
31731,Q,3900
21191,E,3500
70905,F,3500
99040,L,3500
60105,P,3500
20232,T,3500
40433,U,3500
44043,U,3500
45044,U,3500
66303,U,3500
66505,U,3500
77606,U,3500
30131,X,3500
32201,X,3500
35505,X,3500
36606,X,3500
40141,X,3500
43040,X,3500
45040,X,3500
46606,X,3500
49909,X,3500
52202,X,3500
53303,X,3500
54050,X,3500
56050,X,3500
62129,X,3500
62202,X,3500
72202,X,3500
89118,X,3500
92126,X,3500
98119,X,3500
99789,X,3500
30409,J,3000
10904,K,3000
30107,K,3000
50109,K,3000
90401,K,3000
55141,O,3000
13353,P,3000
13363,P,3000
14474,P,3000
16646,P,3000
18848,P,3000
24233,P,3000
34322,P,3000
34355,P,3000
34414,P,3000
35311,P,3000
35344,P,3000
36311,P,3000
37311,P,3000
38311,P,3000
43422,P,3000
45433,P,3000
45466,P,3000
46455,P,3000
47411,P,3000
48411,P,3000
54533,P,3000
54566,P,3000
55141,P,3000
55414,P,3000
56544,P,3000
57566,P,3000
65644,P,3000
65677,P,3000
67611,P,3000
67655,P,3000
75766,P,3000
76755,P,3000
84811,P,3000
85811,P,3000
46656,Q,3000
30343,T,3000
33043,T,3000
40454,T,3000
43404,T,3000
44131,T,3000
55141,T,3000
66151,T,3000
67066,T,3000
11363,U,3000
11373,U,3000
11383,U,3000
11393,U,3000
11424,U,3000
11454,U,3000
11464,U,3000
11474,U,3000
11484,U,3000
11535,U,3000
11545,U,3000
11565,U,3000
11575,U,3000
11595,U,3000
11626,U,3000
11646,U,3000
11656,U,3000
11676,U,3000
11737,U,3000
11747,U,3000
11828,U,3000
11838,U,3000
11848,U,3000
11858,U,3000
11878,U,3000
11929,U,3000
11939,U,3000
11959,U,3000
13144,U,3000
14133,U,3000
15144,U,3000
15545,U,3000
16155,U,3000
16177,U,3000
16199,U,3000
16656,U,3000
16696,U,3000
17166,U,3000
18177,U,3000
22404,U,3000
22505,U,3000
22606,U,3000
22707,U,3000
23244,U,3000
24233,U,3000
24434,U,3000
25211,U,3000
26211,U,3000
28211,U,3000
30366,U,3000
31344,U,3000
32242,U,3000
32344,U,3000
33141,U,3000
33505,U,3000
33707,U,3000
33808,U,3000
33909,U,3000
34322,U,3000
34355,U,3000
34424,U,3000
34454,U,3000
35311,U,3000
35344,U,3000
36311,U,3000
37311,U,3000
38311,U,3000
39311,U,3000
40466,U,3000
40477,U,3000
40488,U,3000
41433,U,3000
41455,U,3000
42433,U,3000
43353,U,3000
43422,U,3000
43455,U,3000
44047,U,3000
44048,U,3000
44049,U,3000
44131,U,3000
44151,U,3000
44202,U,3000
44313,U,3000
44340,U,3000
44515,U,3000
44535,U,3000
44565,U,3000
44606,U,3000
44656,U,3000
44707,U,3000
44808,U,3000
44909,U,3000
45433,U,3000
45466,U,3000
45515,U,3000
45535,U,3000
46411,U,3000
46455,U,3000
46656,U,3000
48411,U,3000
49411,U,3000
51121,U,3000
51544,U,3000
53343,U,3000
53544,U,3000
54414,U,3000
54434,U,3000
54464,U,3000
54511,U,3000
54533,U,3000
55057,U,3000
55058,U,3000
55141,U,3000
55161,U,3000
55171,U,3000
55202,U,3000
55303,U,3000
55343,U,3000
55414,U,3000
55616,U,3000
55707,U,3000
55767,U,3000
56544,U,3000
56646,U,3000
57511,U,3000
57566,U,3000
58511,U,3000
59511,U,3000
60622,U,3000
60644,U,3000
61655,U,3000
62066,U,3000
64066,U,3000
64454,U,3000
64655,U,3000
65515,U,3000
65545,U,3000
65575,U,3000
65611,U,3000
65644,U,3000
65677,U,3000
66064,U,3000
66202,U,3000
66404,U,3000
66515,U,3000
66575,U,3000
66717,U,3000
67655,U,3000
67717,U,3000
67757,U,3000
68677,U,3000
68878,U,3000
72711,U,3000
73077,U,3000
74711,U,3000
75077,U,3000
75565,U,3000
75711,U,3000
75766,U,3000
76616,U,3000
76755,U,3000
77079,U,3000
77181,U,3000
77202,U,3000
77303,U,3000
77404,U,3000
78799,U,3000
78868,U,3000
79788,U,3000
82811,U,3000
83811,U,3000
84811,U,3000
85088,U,3000
85811,U,3000
86811,U,3000
86877,U,3000
87767,U,3000
87797,U,3000
87811,U,3000
88191,U,3000
88202,U,3000
88303,U,3000
88505,U,3000
88717,U,3000
88780,U,3000
88919,U,3000
97099,U,3000
97988,U,3000
99094,U,3000
99303,U,3000
99404,U,3000
99505,U,3000
99707,U,3000
34303,V,3000
44054,V,3000
33203,W,3000
40445,W,3000
44054,W,3000
44504,W,3000
45404,W,3000
54044,W,3000
54404,W,3000
54505,W,3000
55405,W,3000
56505,W,3000
66506,W,3000
67606,W,3000
30434,X,3000
31143,X,3000
31334,X,3000
33143,X,3000
33413,X,3000
33431,X,3000
33543,X,3000
34113,X,3000
34304,X,3000
34331,X,3000
34403,X,3000
35030,X,3000
36030,X,3000
37030,X,3000
38030,X,3000
39030,X,3000
40343,X,3000
40545,X,3000
40554,X,3000
41154,X,3000
41321,X,3000
41443,X,3000
43114,X,3000
43304,X,3000
43403,X,3000
44143,X,3000
44314,X,3000
44324,X,3000
44341,X,3000
44354,X,3000
44514,X,3000
44541,X,3000
44546,X,3000
44645,X,3000
45114,X,3000
45405,X,3000
45441,X,3000
45504,X,3000
46040,X,3000
47040,X,3000
48040,X,3000
49040,X,3000
50445,X,3000
50454,X,3000
50530,X,3000
50656,X,3000
50665,X,3000
51145,X,3000
51165,X,3000
53050,X,3000
54115,X,3000
54405,X,3000
54504,X,3000
54551,X,3000
55154,X,3000
55165,X,3000
55354,X,3000
55415,X,3000
55435,X,3000
55453,X,3000
55465,X,3000
55615,X,3000
55645,X,3000
55651,X,3000
55654,X,3000
55657,X,3000
55675,X,3000
55765,X,3000
56115,X,3000
56506,X,3000
56551,X,3000
56554,X,3000
56605,X,3000
57050,X,3000
58050,X,3000
59050,X,3000
60363,X,3000
60565,X,3000
60620,X,3000
60630,X,3000
60767,X,3000
61156,X,3000
61665,X,3000
61667,X,3000
61696,X,3000
63161,X,3000
63616,X,3000
65116,X,3000
65605,X,3000
65661,X,3000
66156,X,3000
66163,X,3000
66165,X,3000
66176,X,3000
66196,X,3000
66261,X,3000
66306,X,3000
66361,X,3000
66456,X,3000
66516,X,3000
66546,X,3000
66561,X,3000
66706,X,3000
66716,X,3000
66761,X,3000
66876,X,3000
66916,X,3000
67089,X,3000
67116,X,3000
67661,X,3000
67706,X,3000
70667,X,3000
70720,X,3000
70730,X,3000
71776,X,3000
71778,X,3000
76117,X,3000
76607,X,3000
76771,X,3000
76778,X,3000
77167,X,3000
77576,X,3000
77617,X,3000
77817,X,3000
77871,X,3000
77897,X,3000
78117,X,3000
78707,X,3000
78771,X,3000
78779,X,3000
78809,X,3000
79070,X,3000
79789,X,3000
81198,X,3000
81898,X,3000
82080,X,3000
83080,X,3000
84080,X,3000
86887,X,3000
87118,X,3000
87177,X,3000
87708,X,3000
87808,X,3000
87818,X,3000
88178,X,3000
88198,X,3000
88718,X,3000
88781,X,3000
88798,X,3000
88978,X,3000
89199,X,3000
89818,X,3000
89881,X,3000
89908,X,3000
91969,X,3000
92090,X,3000
93090,X,3000
94090,X,3000
95090,X,3000
96919,X,3000
97090,X,3000
97889,X,3000
98076,X,3000
98809,X,3000
98919,X,3000
98991,X,3000
99691,X,3000
99798,X,3000
99879,X,3000
49942,N,2600
44535,O,2600
44616,O,2600
44656,O,2600
55171,O,2600
66414,O,2600
88151,O,2600
12144,P,2600
13188,P,2600
14166,P,2600
14177,P,2600
14188,P,2600
14199,P,2600
16122,P,2600
16133,P,2600
16144,P,2600
17133,P,2600
17144,P,2600
17199,P,2600
18144,P,2600
18155,P,2600
18166,P,2600
19122,P,2600
19144,P,2600
19155,P,2600
21255,P,2600
21266,P,2600
21277,P,2600
21288,P,2600
22720,P,2600
31355,P,2600
31366,P,2600
31388,P,2600
31399,P,2600
37717,P,2600
39919,P,2600
41422,P,2600
41466,P,2600
41477,P,2600
41488,P,2600
44616,P,2600
44740,P,2600
44818,P,2600
46616,P,2600
49919,P,2600
51577,P,2600
51599,P,2600
55767,P,2600
61622,P,2600
61644,P,2600
66260,P,2600
66414,P,2600
71733,P,2600
71744,P,2600
71799,P,2600
74414,P,2600
75515,P,2600
77414,P,2600
81833,P,2600
81844,P,2600
81855,P,2600
82212,P,2600
85515,P,2600
91922,P,2600
91933,P,2600
94414,P,2600
99515,P,2600
22717,Q,2600
22720,Q,2600
40464,Q,2600
44121,Q,2600
44161,Q,2600
44535,Q,2600
44656,Q,2600
44717,Q,2600
44740,Q,2600
44818,Q,2600
44940,Q,2600
46044,Q,2600
55464,Q,2600
66260,Q,2600
66313,Q,2600
66414,Q,2600
66454,Q,2600
77141,Q,2600
88212,Q,2600
33979,R,2600
22620,T,2600
33063,T,2600
33161,T,2600
44161,T,2600
44535,T,2600
44616,T,2600
44656,T,2600
44717,T,2600
55191,T,2600
59055,T,2600
66212,T,2600
66414,T,2600
66454,T,2600
99515,T,2600
12282,U,2600
12292,U,2600
13155,U,2600
13166,U,2600
13177,U,2600
13353,U,2600
13363,U,2600
13373,U,2600
13383,U,2600
13393,U,2600
14166,U,2600
14474,U,2600
14484,U,2600
14494,U,2600
15133,U,2600
15525,U,2600
15535,U,2600
15585,U,2600
15595,U,2600
16133,U,2600
16144,U,2600
16543,U,2600
16626,U,2600
16646,U,2600
17122,U,2600
17133,U,2600
17144,U,2600
17155,U,2600
17654,U,2600
17737,U,2600
18133,U,2600
18155,U,2600
18838,U,2600
19133,U,2600
19144,U,2600
19155,U,2600
20242,U,2600
20252,U,2600
20262,U,2600
20272,U,2600
20282,U,2600
20292,U,2600
21244,U,2600
22141,U,2600
22151,U,2600
22171,U,2600
22181,U,2600
22515,U,2600
22616,U,2600
22717,U,2600
22919,U,2600
24414,U,2600
25515,U,2600
30373,U,2600
33151,U,2600
33161,U,2600
33171,U,2600
33181,U,2600
33191,U,2600
33414,U,2600
33515,U,2600
33730,U,2600
33930,U,2600
34564,U,2600
35515,U,2600
36616,U,2600
40464,U,2600
40474,U,2600
41477,U,2600
41488,U,2600
44121,U,2600
44161,U,2600
44171,U,2600
44181,U,2600
44191,U,2600
44616,U,2600
44740,U,2600
44840,U,2600
49919,U,2600
50575,U,2600
50585,U,2600
52212,U,2600
53313,U,2600
55181,U,2600
55191,U,2600
61633,U,2600
62212,U,2600
66121,U,2600
66141,U,2600
66181,U,2600
66414,U,2600
72212,U,2600
73313,U,2600
74414,U,2600
77141,U,2600
77151,U,2600
77191,U,2600
77414,U,2600
80828,U,2600
80838,U,2600
80848,U,2600
81822,U,2600
82212,U,2600
83313,U,2600
83323,U,2600
86616,U,2600
88131,U,2600
88141,U,2600
88151,U,2600
88414,U,2600
88515,U,2600
90929,U,2600
90949,U,2600
90959,U,2600
90979,U,2600
92212,U,2600
94414,U,2600
95515,U,2600
98761,U,2600
99131,U,2600
99141,U,2600
99151,U,2600
99212,U,2600
99290,U,2600
48404,W,2600
53505,W,2600
62606,W,2600
64606,W,2600
66706,W,2600
74044,W,2600
99049,W,2600
30360,X,2600
30370,X,2600
30663,X,2600
31336,X,2600
31337,X,2600
31338,X,2600
31339,X,2600
31341,X,2600
31343,X,2600
31433,X,2600
31443,X,2600
32422,X,2600
32443,X,2600
33136,X,2600
33243,X,2600
33423,X,2600
33534,X,2600
34131,X,2600
34133,X,2600
34144,X,2600
34313,X,2600
34405,X,2600
34506,X,2600
35113,X,2600
35303,X,2600
35331,X,2600
35503,X,2600
36166,X,2600
36303,X,2600
36331,X,2600
36603,X,2600
37113,X,2600
37177,X,2600
37303,X,2600
37331,X,2600
37703,X,2600
38188,X,2600
38303,X,2600
38331,X,2600
38803,X,2600
39199,X,2600
39303,X,2600
39331,X,2600
39903,X,2600
40242,X,2600
40332,X,2600
40460,X,2600
40470,X,2600
40556,X,2600
40646,X,2600
40747,X,2600
40949,X,2600
41124,X,2600
41334,X,2600
41344,X,2600
41431,X,2600
41434,X,2600
41442,X,2600
41446,X,2600
41447,X,2600
41448,X,2600
41449,X,2600
41451,X,2600
41454,X,2600
41544,X,2600
42204,X,2600
42404,X,2600
42441,X,2600
43141,X,2600
43144,X,2600
43302,X,2600
43314,X,2600
43414,X,2600
44243,X,2600
44342,X,2600
44534,X,2600
44654,X,2600
45067,X,2600
45141,X,2600
45144,X,2600
45355,X,2600
45414,X,2600
45506,X,2600
45607,X,2600
46114,X,2600
46166,X,2600
46404,X,2600
46441,X,2600
46566,X,2600
46604,X,2600
47114,X,2600
47177,X,2600
47404,X,2600
47441,X,2600
47717,X,2600
48188,X,2600
48404,X,2600
48441,X,2600
48818,X,2600
49114,X,2600
49199,X,2600
49404,X,2600
49441,X,2600
49904,X,2600
50225,X,2600
50252,X,2600
50335,X,2600
50353,X,2600
50443,X,2600
50520,X,2600
50570,X,2600
50667,X,2600
50757,X,2600
50775,X,2600
50858,X,2600
50959,X,2600
51125,X,2600
51255,X,2600
51413,X,2600
51455,X,2600
51541,X,2600
51552,X,2600
51553,X,2600
51558,X,2600
51559,X,2600
51561,X,2600
51565,X,2600
51665,X,2600
52122,X,2600
52155,X,2600
52205,X,2600
52551,X,2600
53133,X,2600
53305,X,2600
53433,X,2600
53505,X,2600
53551,X,2600
54032,X,2600
54144,X,2600
54151,X,2600
54155,X,2600
54344,X,2600
54403,X,2600
54415,X,2600
54515,X,2600
54644,X,2600
55125,X,2600
55215,X,2600
55756,X,2600
56078,X,2600
56151,X,2600
56155,X,2600
56466,X,2600
56515,X,2600
56607,X,2600
56615,X,2600
56708,X,2600
57177,X,2600
57505,X,2600
57551,X,2600
57556,X,2600
57677,X,2600
58188,X,2600
58505,X,2600
58551,X,2600
58805,X,2600
59115,X,2600
59199,X,2600
59505,X,2600
59551,X,2600
59905,X,2600
60226,X,2600
60262,X,2600
60446,X,2600
60464,X,2600
60554,X,2600
60640,X,2600
60868,X,2600
61126,X,2600
61266,X,2600
61514,X,2600
61556,X,2600
61566,X,2600
61636,X,2600
61651,X,2600
61656,X,2600
61662,X,2600
61663,X,2600
61664,X,2600
61671,X,2600
61676,X,2600
61691,X,2600
61766,X,2600
61966,X,2600
62116,X,2600
62122,X,2600
62206,X,2600
62661,X,2600
63133,X,2600
63166,X,2600
64144,X,2600
64406,X,2600
64544,X,2600
64661,X,2600
65043,X,2600
65155,X,2600
65161,X,2600
65166,X,2600
65455,X,2600
65504,X,2600
65516,X,2600
65616,X,2600
65664,X,2600
65755,X,2600
66136,X,2600
66216,X,2600
66316,X,2600
66465,X,2600
66564,X,2600
66576,X,2600
66756,X,2600
67161,X,2600
67166,X,2600
67577,X,2600
67616,X,2600
67708,X,2600
67716,X,2600
68661,X,2600
68667,X,2600
68788,X,2600
68806,X,2600
69662,X,2600
69664,X,2600
69665,X,2600
70227,X,2600
70272,X,2600
70373,X,2600
70447,X,2600
70474,X,2600
70557,X,2600
70575,X,2600
70665,X,2600
70740,X,2600
70790,X,2600
71167,X,2600
71615,X,2600
71667,X,2600
71677,X,2600
71761,X,2600
71767,X,2600
71773,X,2600
71774,X,2600
71779,X,2600
71781,X,2600
71787,X,2600
71877,X,2600
71887,X,2600
72117,X,2600
72122,X,2600
72207,X,2600
72707,X,2600
72771,X,2600
73133,X,2600
73307,X,2600
73707,X,2600
73771,X,2600
74117,X,2600
74144,X,2600
74407,X,2600
74771,X,2600
75117,X,2600
75155,X,2600
75507,X,2600
75655,X,2600
76054,X,2600
76166,X,2600
76171,X,2600
76177,X,2600
76566,X,2600
76605,X,2600
76617,X,2600
76717,X,2600
76866,X,2600
77127,X,2600
77217,X,2600
77271,X,2600
77657,X,2600
78171,X,2600
78188,X,2600
78717,X,2600
79117,X,2600
79199,X,2600
79877,X,2600
79907,X,2600
80228,X,2600
80338,X,2600
80448,X,2600
80558,X,2600
80820,X,2600
80840,X,2600
80860,X,2600
81128,X,2600
81148,X,2600
81716,X,2600
81778,X,2600
81788,X,2600
81871,X,2600
81884,X,2600
81891,X,2600
82118,X,2600
82122,X,2600
82188,X,2600
82208,X,2600
82218,X,2600
82808,X,2600
82881,X,2600
83133,X,2600
83881,X,2600
84118,X,2600
84144,X,2600
84408,X,2600
84808,X,2600
84881,X,2600
85118,X,2600
85155,X,2600
85508,X,2600
85808,X,2600
86118,X,2600
86766,X,2600
87065,X,2600
87181,X,2600
87188,X,2600
87706,X,2600
87718,X,2600
87817,X,2600
87977,X,2600
88128,X,2600
88183,X,2600
88184,X,2600
88185,X,2600
88218,X,2600
88281,X,2600
88381,X,2600
88481,X,2600
88581,X,2600
88681,X,2600
88687,X,2600
88981,X,2600
89181,X,2600
89819,X,2600
90339,X,2600
90449,X,2600
90559,X,2600
90920,X,2600
90930,X,2600
90940,X,2600
90950,X,2600
91699,X,2600
91889,X,2600
91899,X,2600
91961,X,2600
91997,X,2600
92199,X,2600
92209,X,2600
92909,X,2600
93133,X,2600
93309,X,2600
93909,X,2600
93991,X,2600
94119,X,2600
94144,X,2600
94409,X,2600
94909,X,2600
95119,X,2600
95155,X,2600
95509,X,2600
95991,X,2600
96199,X,2600
96916,X,2600
96991,X,2600
97177,X,2600
97709,X,2600
97877,X,2600
97909,X,2600
97991,X,2600
98191,X,2600
98199,X,2600
98807,X,2600
99193,X,2600
99194,X,2600
99197,X,2600
99291,X,2600
99391,X,2600
99491,X,2600
99591,X,2600
99791,X,2600
29949,G,2400
33626,G,2400
33727,G,2400
33767,G,2400
33797,G,2400
33828,G,2400
33878,G,2400
33959,G,2400
44252,G,2400
44282,G,2400
44585,G,2400
44636,G,2400
55262,G,2400
55292,G,2400
55737,G,2400
62242,G,2400
64474,G,2400
66232,G,2400
66484,G,2400
77343,G,2400
77494,G,2400
77525,G,2400
88595,G,2400
99373,G,2400
33525,I,2400
33767,I,2400
33979,I,2400
42262,I,2400
44272,I,2400
44626,I,2400
44686,I,2400
44828,I,2400
44858,I,2400
55292,I,2400
55484,I,2400
55686,I,2400
55939,I,2400
55949,I,2400
88424,I,2400
99242,I,2400
22686,J,2400
33252,J,2400
33686,J,2400
44262,J,2400
44282,J,2400
44292,J,2400
44525,J,2400
44787,J,2400
44797,J,2400
44838,J,2400
55292,J,2400
55373,J,2400
55737,J,2400
66272,J,2400
66434,J,2400
77434,J,2400
99373,J,2400
99424,J,2400
99434,J,2400
99474,J,2400
36646,L,2400
74464,L,2400
74494,L,2400
76646,L,2400
83363,L,2400
84424,L,2400
84464,L,2400
92252,L,2400
94464,L,2400
44252,N,2400
44272,N,2400
44636,N,2400
44737,N,2400
44757,N,2400
44868,N,2400
54474,N,2400
55262,N,2400
55383,N,2400
55727,N,2400
55838,N,2400
55939,N,2400
55979,N,2400
66242,N,2400
66292,N,2400
66343,N,2400
66353,N,2400
66434,N,2400
73393,N,2400
74494,N,2400
88474,N,2400
88545,N,2400
88646,N,2400
22494,O,2400
22575,O,2400
22636,O,2400
22939,O,2400
33282,O,2400
33292,O,2400
33929,O,2400
33979,O,2400
42262,O,2400
44363,O,2400
44383,O,2400
44636,O,2400
44676,O,2400
44686,O,2400
44727,O,2400
44757,O,2400
44787,O,2400
44797,O,2400
44858,O,2400
44868,O,2400
44878,O,2400
44929,O,2400
44939,O,2400
44959,O,2400
46636,O,2400
52292,O,2400
54424,O,2400
55232,O,2400
55262,O,2400
55292,O,2400
55383,O,2400
55393,O,2400
55626,O,2400
55636,O,2400
55747,O,2400
55838,O,2400
55848,O,2400
55929,O,2400
64474,O,2400
66252,O,2400
66292,O,2400
66424,O,2400
66474,O,2400
66494,O,2400
66727,O,2400
66797,O,2400
66848,O,2400
74484,O,2400
75585,O,2400
77252,O,2400
77323,O,2400
77353,O,2400
77383,O,2400
77454,O,2400
77464,O,2400
77525,O,2400
77939,O,2400
77959,O,2400
82242,O,2400
83353,O,2400
84434,O,2400
88343,O,2400
88373,O,2400
88494,O,2400
88535,O,2400
88656,O,2400
88737,O,2400
88747,O,2400
88757,O,2400
93343,O,2400
94424,O,2400
99353,O,2400
99373,O,2400
99535,O,2400
99565,O,2400
99626,O,2400
99646,O,2400
99737,O,2400
99757,O,2400
99858,O,2400
22373,P,2400
22383,P,2400
22454,P,2400
22464,P,2400
22737,P,2400
22757,P,2400
22787,P,2400
23373,P,2400
23383,P,2400
23393,P,2400
24277,P,2400
25233,P,2400
25244,P,2400
26656,P,2400
26696,P,2400
27233,P,2400
27244,P,2400
27747,P,2400
27787,P,2400
28233,P,2400
28255,P,2400
28277,P,2400
28878,P,2400
28898,P,2400
29244,P,2400
32252,P,2400
32272,P,2400
32282,P,2400
33757,P,2400
33787,P,2400
33828,P,2400
33848,P,2400
33878,P,2400
33959,P,2400
34464,P,2400
34484,P,2400
34494,P,2400
35377,P,2400
35525,P,2400
35565,P,2400
36322,P,2400
36676,P,2400
37322,P,2400
37399,P,2400
37767,P,2400
37797,P,2400
38322,P,2400
38355,P,2400
38878,P,2400
39322,P,2400
39366,P,2400
39377,P,2400
39929,P,2400
39949,P,2400
42455,P,2400
42477,P,2400
42488,P,2400
43363,P,2400
43373,P,2400
43383,P,2400
43393,P,2400
43488,P,2400
44292,P,2400
44363,P,2400
44383,P,2400
44393,P,2400
44525,P,2400
44575,P,2400
44626,P,2400
44676,P,2400
44686,P,2400
44696,P,2400
44727,P,2400
44737,P,2400
44797,P,2400
44868,P,2400
44929,P,2400
44939,P,2400
44979,P,2400
45422,P,2400
45477,P,2400
45499,P,2400
45595,P,2400
46422,P,2400
46433,P,2400
46676,P,2400
47422,P,2400
47433,P,2400
47455,P,2400
47499,P,2400
47737,P,2400
47767,P,2400
47787,P,2400
48477,P,2400
48878,P,2400
48898,P,2400
49969,P,2400
52232,P,2400
53323,P,2400
54522,P,2400
54577,P,2400
55262,P,2400
55272,P,2400
55282,P,2400
55363,P,2400
55383,P,2400
55424,P,2400
55484,P,2400
55626,P,2400
55696,P,2400
55727,P,2400
55787,P,2400
55838,P,2400
55949,P,2400
56599,P,2400
57544,P,2400
57787,P,2400
58544,P,2400
58878,P,2400
58898,P,2400
62232,P,2400
62633,P,2400
62688,P,2400
63644,P,2400
63655,P,2400
66343,P,2400
66424,P,2400
66434,P,2400
66525,P,2400
66848,P,2400
66979,P,2400
67622,P,2400
67737,P,2400
67747,P,2400
68622,P,2400
72282,P,2400
72733,P,2400
72788,P,2400
73323,P,2400
73343,P,2400
73363,P,2400
73383,P,2400
73766,P,2400
73788,P,2400
74766,P,2400
75733,P,2400
76626,P,2400
76636,P,2400
76646,P,2400
76744,P,2400
77323,P,2400
77343,P,2400
77353,P,2400
77363,P,2400
77434,P,2400
77484,P,2400
77545,P,2400
77626,P,2400
77636,P,2400
77828,P,2400
77848,P,2400
77929,P,2400
77949,P,2400
78722,P,2400
78828,P,2400
78858,P,2400
82232,P,2400
82292,P,2400
82877,P,2400
82899,P,2400
83844,P,2400
83877,P,2400
84877,P,2400
84899,P,2400
86833,P,2400
86844,P,2400
87737,P,2400
87747,P,2400
87833,P,2400
88272,P,2400
88363,P,2400
88454,P,2400
88494,P,2400
88545,P,2400
88737,P,2400
88747,P,2400
88949,P,2400
88959,P,2400
89833,P,2400
89929,P,2400
89949,P,2400
92232,P,2400
92282,P,2400
92955,P,2400
92966,P,2400
92988,P,2400
93323,P,2400
93343,P,2400
93966,P,2400
93977,P,2400
94933,P,2400
95944,P,2400
96636,P,2400
96922,P,2400
97727,P,2400
98848,P,2400
99343,P,2400
99424,P,2400
99434,P,2400
99454,P,2400
99545,P,2400
99575,P,2400
99838,P,2400
22363,Q,2400
22454,Q,2400
22464,Q,2400
22494,Q,2400
22545,Q,2400
22575,Q,2400
22858,Q,2400
22878,Q,2400
22969,Q,2400
22979,Q,2400
23373,Q,2400
32262,Q,2400
32282,Q,2400
33262,Q,2400
33292,Q,2400
33525,Q,2400
33585,Q,2400
33626,Q,2400
33646,Q,2400
33686,Q,2400
33747,Q,2400
33767,Q,2400
33797,Q,2400
33848,Q,2400
33878,Q,2400
33929,Q,2400
33979,Q,2400
34464,Q,2400
38848,Q,2400
43383,Q,2400
43393,Q,2400
44252,Q,2400
44262,Q,2400
44272,Q,2400
44282,Q,2400
44292,Q,2400
44363,Q,2400
44383,Q,2400
44393,Q,2400
44575,Q,2400
44585,Q,2400
44636,Q,2400
44676,Q,2400
44737,Q,2400
44767,Q,2400
44787,Q,2400
44828,Q,2400
44838,Q,2400
44858,Q,2400
44878,Q,2400
44898,Q,2400
44939,Q,2400
44979,Q,2400
44989,Q,2400
45585,Q,2400
46636,Q,2400
53393,Q,2400
55232,Q,2400
55242,Q,2400
55282,Q,2400
55363,Q,2400
55373,Q,2400
55383,Q,2400
55393,Q,2400
55424,Q,2400
55474,Q,2400
55484,Q,2400
55636,Q,2400
55939,Q,2400
55949,Q,2400
58838,Q,2400
59939,Q,2400
62282,Q,2400
64474,Q,2400
66272,Q,2400
66353,Q,2400
66383,Q,2400
66424,Q,2400
66494,Q,2400
66585,Q,2400
66797,Q,2400
66828,Q,2400
66858,Q,2400
66979,Q,2400
72232,Q,2400
72262,Q,2400
72282,Q,2400
73353,Q,2400
74424,Q,2400
74434,Q,2400
74494,Q,2400
77232,Q,2400
77343,Q,2400
77383,Q,2400
77393,Q,2400
77434,Q,2400
77464,Q,2400
77525,Q,2400
77626,Q,2400
77838,Q,2400
79939,Q,2400
79949,Q,2400
82262,Q,2400
84424,Q,2400
84464,Q,2400
84494,Q,2400
86646,Q,2400
87727,Q,2400
88252,Q,2400
88292,Q,2400
88393,Q,2400
88454,Q,2400
88464,Q,2400
88494,Q,2400
88525,Q,2400
88535,Q,2400
88565,Q,2400
88737,Q,2400
88949,Q,2400
92272,Q,2400
94424,Q,2400
94434,Q,2400
94464,Q,2400
94474,Q,2400
95525,Q,2400
99242,Q,2400
99252,Q,2400
99272,Q,2400
99363,Q,2400
99424,Q,2400
99454,Q,2400
99464,Q,2400
99575,Q,2400
99727,Q,2400
99737,Q,2400
99757,Q,2400
22373,T,2400
22383,T,2400
22474,T,2400
22494,T,2400
22535,T,2400
22565,T,2400
22646,T,2400
22696,T,2400
22737,T,2400
22757,T,2400
22767,T,2400
22787,T,2400
22797,T,2400
22848,T,2400
22979,T,2400
23393,T,2400
33272,T,2400
33474,T,2400
33686,T,2400
33696,T,2400
33767,T,2400
33787,T,2400
33797,T,2400
33878,T,2400
33959,T,2400
34494,T,2400
44252,T,2400
44262,T,2400
44272,T,2400
44363,T,2400
44373,T,2400
44383,T,2400
44595,T,2400
44626,T,2400
44636,T,2400
44676,T,2400
44696,T,2400
44727,T,2400
44737,T,2400
44767,T,2400
44787,T,2400
44858,T,2400
44868,T,2400
44929,T,2400
44959,T,2400
44969,T,2400
52282,T,2400
55232,T,2400
55292,T,2400
55323,T,2400
55373,T,2400
55383,T,2400
55424,T,2400
55484,T,2400
55636,T,2400
55727,T,2400
55747,T,2400
55787,T,2400
55838,T,2400
55848,T,2400
55929,T,2400
55939,T,2400
57747,T,2400
66232,T,2400
66272,T,2400
66373,T,2400
66383,T,2400
66393,T,2400
73353,T,2400
75585,T,2400
77232,T,2400
77252,T,2400
77262,T,2400
77343,T,2400
77393,T,2400
77434,T,2400
77525,T,2400
77535,T,2400
77646,T,2400
77929,T,2400
82292,T,2400
84464,T,2400
84474,T,2400
88262,T,2400
88343,T,2400
88646,T,2400
88747,T,2400
94424,T,2400
94454,T,2400
94484,T,2400
99242,T,2400
99262,T,2400
99353,T,2400
99373,T,2400
99424,T,2400
99434,T,2400
99454,T,2400
99484,T,2400
99575,T,2400
99626,T,2400
99858,T,2400
22363,U,2400
22373,U,2400
22393,U,2400
23353,U,2400
23373,U,2400
23383,U,2400
23393,U,2400
24484,U,2400
26233,U,2400
26676,U,2400
29277,U,2400
32252,U,2400
32262,U,2400
32282,U,2400
32377,U,2400
32388,U,2400
32399,U,2400
33252,U,2400
33262,U,2400
33272,U,2400
33292,U,2400
33474,U,2400
33484,U,2400
33525,U,2400
33969,U,2400
35322,U,2400
35565,U,2400
37797,U,2400
43373,U,2400
44262,U,2400
44787,U,2400
44989,U,2400
55474,U,2400
55636,U,2400
55696,U,2400
62633,U,2400
62677,U,2400
62699,U,2400
63622,U,2400
63677,U,2400
66929,U,2400
66949,U,2400
66979,U,2400
69644,U,2400
69949,U,2400
72232,U,2400
72282,U,2400
72788,U,2400
73323,U,2400
74788,U,2400
75535,U,2400
77282,U,2400
77383,U,2400
77393,U,2400
77434,U,2400
77454,U,2400
77494,U,2400
77585,U,2400
77828,U,2400
78744,U,2400
78828,U,2400
79969,U,2400
82899,U,2400
83373,U,2400
83822,U,2400
83877,U,2400
84454,U,2400
84494,U,2400
84866,U,2400
84877,U,2400
85899,U,2400
87737,U,2400
87757,U,2400
87844,U,2400
88373,U,2400
88575,U,2400
88626,U,2400
88747,U,2400
88929,U,2400
92242,U,2400
92282,U,2400
93373,U,2400
93944,U,2400
96626,U,2400
96933,U,2400
96977,U,2400
97737,U,2400
97747,U,2400
98828,U,2400
99232,U,2400
99373,U,2400
99585,U,2400
99646,U,2400
31351,X,2400
31353,X,2400
31361,X,2400
31363,X,2400
31373,X,2400
31533,X,2400
31633,X,2400
31733,X,2400
31833,X,2400
31933,X,2400
32433,X,2400
32522,X,2400
32622,X,2400
32722,X,2400
32822,X,2400
32922,X,2400
33135,X,2400
33137,X,2400
33139,X,2400
33153,X,2400
33163,X,2400
33173,X,2400
33183,X,2400
33193,X,2400
33235,X,2400
33236,X,2400
33237,X,2400
33238,X,2400
33239,X,2400
33436,X,2400
33437,X,2400
33438,X,2400
33439,X,2400
33513,X,2400
33531,X,2400
33532,X,2400
33536,X,2400
33613,X,2400
33631,X,2400
33632,X,2400
33634,X,2400
33637,X,2400
33713,X,2400
33731,X,2400
33732,X,2400
33734,X,2400
33735,X,2400
33738,X,2400
33803,X,2400
33813,X,2400
33831,X,2400
33834,X,2400
33913,X,2400
33931,X,2400
33932,X,2400
33934,X,2400
34233,X,2400
34244,X,2400
34644,X,2400
34744,X,2400
34844,X,2400
34944,X,2400
35131,X,2400
35255,X,2400
35305,X,2400
35313,X,2400
35343,X,2400
35433,X,2400
35455,X,2400
35655,X,2400
35755,X,2400
35855,X,2400
35955,X,2400
36131,X,2400
36133,X,2400
36266,X,2400
36313,X,2400
36566,X,2400
36613,X,2400
36766,X,2400
36866,X,2400
37131,X,2400
37133,X,2400
37277,X,2400
37307,X,2400
37313,X,2400
37477,X,2400
37577,X,2400
37677,X,2400
37713,X,2400
37877,X,2400
37977,X,2400
38131,X,2400
38133,X,2400
38288,X,2400
38308,X,2400
38313,X,2400
38488,X,2400
38588,X,2400
38788,X,2400
38813,X,2400
38988,X,2400
39131,X,2400
39133,X,2400
39299,X,2400
39309,X,2400
39313,X,2400
39499,X,2400
39599,X,2400
39699,X,2400
39799,X,2400
39913,X,2400
40664,X,2400
40774,X,2400
41244,X,2400
41343,X,2400
41421,X,2400
41461,X,2400
41464,X,2400
41471,X,2400
41481,X,2400
41484,X,2400
41491,X,2400
41494,X,2400
41545,X,2400
41644,X,2400
41744,X,2400
41844,X,2400
41944,X,2400
42144,X,2400
42344,X,2400
42402,X,2400
42522,X,2400
42722,X,2400
42822,X,2400
42922,X,2400
43244,X,2400
43424,X,2400
43544,X,2400
43633,X,2400
43733,X,2400
43833,X,2400
43933,X,2400
44146,X,2400
44147,X,2400
44148,X,2400
44149,X,2400
44164,X,2400
44204,X,2400
44241,X,2400
44604,X,2400
44614,X,2400
44641,X,2400
44704,X,2400
44741,X,2400
44804,X,2400
44814,X,2400
44841,X,2400
44904,X,2400
44914,X,2400
44941,X,2400
45255,X,2400
45344,X,2400
45464,X,2400
45755,X,2400
45855,X,2400
45955,X,2400
46141,X,2400
46144,X,2400
46266,X,2400
46366,X,2400
46406,X,2400
46414,X,2400
46445,X,2400
46454,X,2400
46544,X,2400
46614,X,2400
46766,X,2400
46866,X,2400
46966,X,2400
47141,X,2400
47144,X,2400
47277,X,2400
47377,X,2400
47407,X,2400
47414,X,2400
47577,X,2400
47677,X,2400
47714,X,2400
47727,X,2400
47977,X,2400
48141,X,2400
48288,X,2400
48388,X,2400
48408,X,2400
48414,X,2400
48588,X,2400
48688,X,2400
48788,X,2400
48814,X,2400
48828,X,2400
49141,X,2400
49144,X,2400
49299,X,2400
49399,X,2400
49409,X,2400
49414,X,2400
49599,X,2400
49699,X,2400
49799,X,2400
49914,X,2400
51355,X,2400
51454,X,2400
51521,X,2400
51531,X,2400
51571,X,2400
51575,X,2400
51581,X,2400
51585,X,2400
51591,X,2400
51595,X,2400
51656,X,2400
51755,X,2400
51855,X,2400
51955,X,2400
52215,X,2400
52322,X,2400
52422,X,2400
52502,X,2400
52554,X,2400
52556,X,2400
52558,X,2400
52559,X,2400
52622,X,2400
52722,X,2400
52822,X,2400
52922,X,2400
53151,X,2400
53155,X,2400
53233,X,2400
53315,X,2400
53455,X,2400
53503,X,2400
53515,X,2400
53633,X,2400
53733,X,2400
53833,X,2400
53933,X,2400
54244,X,2400
54355,X,2400
54535,X,2400
54552,X,2400
54557,X,2400
54558,X,2400
54559,X,2400
54655,X,2400
54744,X,2400
54844,X,2400
54944,X,2400
55135,X,2400
55153,X,2400
55157,X,2400
55158,X,2400
55159,X,2400
55175,X,2400
55185,X,2400
55195,X,2400
55205,X,2400
55251,X,2400
55254,X,2400
55256,X,2400
55305,X,2400
55315,X,2400
55351,X,2400
55356,X,2400
55357,X,2400
55358,X,2400
55359,X,2400
55452,X,2400
55457,X,2400
55458,X,2400
55459,X,2400
55652,X,2400
55653,X,2400
55658,X,2400
55705,X,2400
55715,X,2400
55751,X,2400
55752,X,2400
55754,X,2400
55805,X,2400
55815,X,2400
55851,X,2400
55853,X,2400
55854,X,2400
55856,X,2400
55857,X,2400
55859,X,2400
55905,X,2400
55915,X,2400
55951,X,2400
55956,X,2400
56266,X,2400
56366,X,2400
56455,X,2400
56552,X,2400
56553,X,2400
56558,X,2400
56866,X,2400
57151,X,2400
57155,X,2400
57277,X,2400
57377,X,2400
57477,X,2400
57507,X,2400
57515,X,2400
57565,X,2400
57655,X,2400
57715,X,2400
57877,X,2400
57977,X,2400
58151,X,2400
58155,X,2400
58288,X,2400
58388,X,2400
58488,X,2400
58508,X,2400
58515,X,2400
58688,X,2400
58788,X,2400
58815,X,2400
59151,X,2400
59155,X,2400
59299,X,2400
59399,X,2400
59499,X,2400
59509,X,2400
59515,X,2400
59799,X,2400
59915,X,2400
61363,X,2400
61366,X,2400
61466,X,2400
61565,X,2400
61621,X,2400
61631,X,2400
61641,X,2400
61646,X,2400
61681,X,2400
61686,X,2400
61866,X,2400
62161,X,2400
62166,X,2400
62216,X,2400
62322,X,2400
62422,X,2400
62522,X,2400
62602,X,2400
62722,X,2400
62822,X,2400
62922,X,2400
63316,X,2400
63433,X,2400
63533,X,2400
63733,X,2400
64161,X,2400
64166,X,2400
64244,X,2400
64344,X,2400
64416,X,2400
64566,X,2400
64604,X,2400
64616,X,2400
64656,X,2400
64744,X,2400
64944,X,2400
65255,X,2400
65355,X,2400
65466,X,2400
65615,X,2400
65646,X,2400
65766,X,2400
65855,X,2400
66146,X,2400
66164,X,2400
66263,X,2400
66264,X,2400
66265,X,2400
66267,X,2400
66268,X,2400
66269,X,2400
66362,X,2400
66364,X,2400
66365,X,2400
66406,X,2400
66416,X,2400
66461,X,2400
66462,X,2400
66463,X,2400
66467,X,2400
66562,X,2400
66568,X,2400
66762,X,2400
66763,X,2400
66764,X,2400
66816,X,2400
66861,X,2400
66863,X,2400
66865,X,2400
66962,X,2400
66963,X,2400
66964,X,2400
66967,X,2400
67277,X,2400
67377,X,2400
67477,X,2400
67566,X,2400
68161,X,2400
68288,X,2400
68388,X,2400
68488,X,2400
68588,X,2400
68616,X,2400
68676,X,2400
68766,X,2400
69499,X,2400
70337,X,2400
71377,X,2400
71474,X,2400
71477,X,2400
71577,X,2400
71721,X,2400
71737,X,2400
71741,X,2400
71747,X,2400
71751,X,2400
71757,X,2400
71791,X,2400
71797,X,2400
72171,X,2400
72177,X,2400
72217,X,2400
72422,X,2400
72522,X,2400
72622,X,2400
72774,X,2400
72775,X,2400
72776,X,2400
72778,X,2400
72779,X,2400
72822,X,2400
72922,X,2400
73171,X,2400
73177,X,2400
73233,X,2400
73317,X,2400
73433,X,2400
73533,X,2400
73633,X,2400
73703,X,2400
73717,X,2400
73774,X,2400
73776,X,2400
73778,X,2400
73833,X,2400
73933,X,2400
74171,X,2400
74177,X,2400
74344,X,2400
74417,X,2400
74644,X,2400
74704,X,2400
74717,X,2400
74776,X,2400
74844,X,2400
75171,X,2400
75177,X,2400
75255,X,2400
75355,X,2400
75517,X,2400
75677,X,2400
75705,X,2400
75717,X,2400
75774,X,2400
75778,X,2400
75855,X,2400
75955,X,2400
76266,X,2400
76366,X,2400
76466,X,2400
76577,X,2400
76772,X,2400
76773,X,2400
76774,X,2400
76877,X,2400
77137,X,2400
77147,X,2400
77157,X,2400
77197,X,2400
77274,X,2400
77275,X,2400
77276,X,2400
77278,X,2400
77279,X,2400
77317,X,2400
77371,X,2400
77374,X,2400
77375,X,2400
77376,X,2400
77378,X,2400
77407,X,2400
77417,X,2400
77471,X,2400
77472,X,2400
77473,X,2400
77476,X,2400
77478,X,2400
77479,X,2400
77507,X,2400
77517,X,2400
77571,X,2400
77572,X,2400
77574,X,2400
77578,X,2400
77579,X,2400
77672,X,2400
77673,X,2400
77674,X,2400
77873,X,2400
77874,X,2400
77907,X,2400
77917,X,2400
77972,X,2400
77973,X,2400
77974,X,2400
77975,X,2400
77976,X,2400
78288,X,2400
78388,X,2400
78488,X,2400
78588,X,2400
78773,X,2400
78774,X,2400
79171,X,2400
79177,X,2400
79299,X,2400
79399,X,2400
79499,X,2400
79599,X,2400
79699,X,2400
79709,X,2400
79717,X,2400
79772,X,2400
79776,X,2400
79917,X,2400
81388,X,2400
81488,X,2400
81588,X,2400
81688,X,2400
81787,X,2400
81831,X,2400
81838,X,2400
81841,X,2400
81848,X,2400
81851,X,2400
81858,X,2400
81861,X,2400
81868,X,2400
82181,X,2400
82322,X,2400
82422,X,2400
82522,X,2400
82622,X,2400
82722,X,2400
82802,X,2400
82922,X,2400
83181,X,2400
83233,X,2400
83318,X,2400
83633,X,2400
83733,X,2400
83803,X,2400
83818,X,2400
83933,X,2400
84181,X,2400
84188,X,2400
84244,X,2400
84344,X,2400
84418,X,2400
84644,X,2400
84744,X,2400
84804,X,2400
84818,X,2400
84944,X,2400
85181,X,2400
85188,X,2400
85255,X,2400
85355,X,2400
85455,X,2400
85518,X,2400
85655,X,2400
85755,X,2400
85805,X,2400
85818,X,2400
85955,X,2400
86181,X,2400
86188,X,2400
86266,X,2400
86366,X,2400
86466,X,2400
86566,X,2400
86618,X,2400
86788,X,2400
86818,X,2400
87277,X,2400
87377,X,2400
87477,X,2400
87577,X,2400
87688,X,2400
88138,X,2400
88148,X,2400
88158,X,2400
88208,X,2400
88284,X,2400
88289,X,2400
88308,X,2400
88318,X,2400
88382,X,2400
88384,X,2400
88385,X,2400
88387,X,2400
88389,X,2400
88408,X,2400
88418,X,2400
88482,X,2400
88483,X,2400
88485,X,2400
88487,X,2400
88489,X,2400
88508,X,2400
88584,X,2400
88589,X,2400
88608,X,2400
88618,X,2400
88782,X,2400
88784,X,2400
88785,X,2400
88982,X,2400
88983,X,2400
88984,X,2400
88985,X,2400
88986,X,2400
89299,X,2400
89499,X,2400
89599,X,2400
91399,X,2400
91499,X,2400
91599,X,2400
91921,X,2400
91931,X,2400
91939,X,2400
91941,X,2400
91949,X,2400
91951,X,2400
91959,X,2400
92191,X,2400
92219,X,2400
92322,X,2400
92422,X,2400
92522,X,2400
92622,X,2400
92822,X,2400
93191,X,2400
93199,X,2400
93233,X,2400
93319,X,2400
93433,X,2400
93533,X,2400
93733,X,2400
93833,X,2400
93919,X,2400
94191,X,2400
94199,X,2400
94344,X,2400
94419,X,2400
94544,X,2400
94744,X,2400
94844,X,2400
94919,X,2400
95191,X,2400
95199,X,2400
95255,X,2400
95455,X,2400
95519,X,2400
95755,X,2400
95855,X,2400
95919,X,2400
96266,X,2400
96366,X,2400
96499,X,2400
96676,X,2400
97191,X,2400
97277,X,2400
97377,X,2400
97477,X,2400
97577,X,2400
97719,X,2400
97919,X,2400
98288,X,2400
98388,X,2400
98488,X,2400
98588,X,2400
99293,X,2400
99294,X,2400
99295,X,2400
99296,X,2400
99297,X,2400
99298,X,2400
99392,X,2400
99394,X,2400
99397,X,2400
99398,X,2400
99419,X,2400
99492,X,2400
99497,X,2400
99498,X,2400
99519,X,2400
99592,X,2400
99596,X,2400
99597,X,2400
99598,X,2400
99692,X,2400
99693,X,2400
99694,X,2400
99695,X,2400
99697,X,2400
99719,X,2400
99792,X,2400
99793,X,2400
99794,X,2400
99795,X,2400
99892,X,2400
99893,X,2400
99894,X,2400
99895,X,2400
33263,X,2200
33723,X,2200
33763,X,2200
33783,X,2200
33823,X,2200
33843,X,2200
33873,X,2200
33893,X,2200
33923,X,2200
33983,X,2200
66236,X,2200
66256,X,2200
66276,X,2200
66326,X,2200
66396,X,2200
66796,X,2200
66926,X,2200
66936,X,2200
66956,X,2200
66976,X,2200
77267,X,2200
77327,X,2200
77357,X,2200
77367,X,2200
77437,X,2200
77467,X,2200
77537,X,2200
77547,X,2200
77627,X,2200
77637,X,2200
77647,X,2200
77837,X,2200
77847,X,2200
77857,X,2200
77927,X,2200
77937,X,2200
77957,X,2200
88278,X,2200
88298,X,2200
88328,X,2200
88398,X,2200
88478,X,2200
88498,X,2200
88578,X,2200
88728,X,2200
88738,X,2200
88748,X,2200
88928,X,2200
88938,X,2200
99489,X,2200
99579,X,2200
99659,X,2200
99759,X,2200
99829,X,2200
99849,X,2200
99859,X,2200
31535,X,2000
31636,X,2000
31737,X,2000
31838,X,2000
31939,X,2000
41747,X,2000
41848,X,2000
41949,X,2000
51858,X,2000
61262,X,2000
71272,X,2000
71373,X,2000
81383,X,2000
81484,X,2000
81585,X,2000
81686,X,2000
91393,X,2000
91494,X,2000
91595,X,2000
91797,X,2000
